日期,开盘,收盘,最高,最低,成交量,成交额,振幅,涨跌幅,涨跌额,换手率
2015-05-14,0.81,1.0,1.0,0.81,57,110531.0,29.23,53.85,0.35,0.03
2015-05-15,1.12,1.12,1.12,1.12,31,68851.0,0.0,12.0,0.12,0.02
2015-05-18,1.25,1.25,1.25,1.25,5,12239.0,0.0,11.61,0.13,0.0
2015-05-19,1.39,1.39,1.39,1.39,8,21496.0,0.0,11.2,0.14,0.0
2015-05-20,1.54,1.54,1.54,1.54,5,14780.0,0.0,10.79,0.15,0.0
2015-05-21,1.71,1.71,1.71,1.71,5,16260.0,0.0,11.04,0.17,0.0
2015-05-22,1.89,1.89,1.89,1.89,6,21462.0,0.0,10.53,0.18,0.0
2015-05-25,2.1,2.1,2.1,2.1,15,59025.0,0.0,11.11,0.21,0.01
2015-05-26,2.32,2.32,2.32,2.32,25,108225.0,0.0,10.48,0.22,0.01
2015-05-27,2.57,2.57,2.57,2.57,4,17857.0,0.0,10.78,0.25,0.0
2015-05-28,2.84,2.84,2.84,2.84,54,282852.0,0.0,10.51,0.27,0.03
2015-05-29,3.14,3.14,3.14,3.14,93,535866.0,0.0,10.56,0.3,0.05
2015-06-01,3.47,3.47,3.47,3.47,23,148499.0,0.0,10.51,0.33,0.01
2015-06-02,3.83,3.83,3.83,3.83,74,517810.0,0.0,10.37,0.36,0.04
2015-06-03,4.22,4.22,4.22,4.22,92,705548.0,0.0,10.18,0.39,0.05
2015-06-04,4.66,4.66,4.66,4.66,170,1434120.0,0.0,10.43,0.44,0.1
2015-06-05,5.14,5.14,5.14,5.14,141,1308480.0,0.0,10.3,0.48,0.08
2015-06-08,5.67,5.67,5.67,5.67,317,3235936.0,0.0,10.31,0.53,0.19
2015-06-09,6.25,6.25,6.25,6.25,652,7321308.0,0.0,10.23,0.58,0.38
2015-06-10,6.89,6.89,6.89,6.89,440,5428704.0,0.0,10.24,0.64,0.26
2015-06-11,7.6,7.6,7.6,7.6,215,2921205.0,0.0,10.3,0.71,0.13
2015-06-12,8.37,8.37,8.37,8.37,207,3093822.0,0.0,10.13,0.77,0.12
2015-06-15,9.22,9.22,9.22,9.22,998,16399897.0,0.0,10.16,0.85,0.59
2015-06-16,10.16,10.16,10.16,10.16,5662,102392567.0,0.0,10.2,0.94,3.33
2015-06-17,11.19,11.19,11.19,11.19,7121,141672136.0,0.0,10.14,1.03,4.19
2015-06-18,12.32,12.32,12.32,12.32,5307,116129142.0,0.0,10.1,1.13,3.12
2015-06-19,11.08,13.57,13.57,11.08,127250,2775076720.0,20.21,10.15,1.25,74.85
2015-06-23,12.9,14.94,14.94,12.9,51188,1276219856.0,15.03,10.1,1.37,30.11
2015-06-24,14.78,14.01,15.17,13.54,33776,857570992.0,10.91,-6.22,-0.93,19.87
2015-06-25,13.35,12.6,14.73,12.6,24515,596936256.0,15.2,-10.06,-1.41,14.42
2015-06-26,11.93,11.32,12.33,11.32,21422,443269184.0,8.02,-10.16,-1.28,12.6
2015-06-29,10.51,10.18,10.85,10.18,26671,486397760.0,5.92,-10.07,-1.14,15.69
2015-06-30,9.43,10.68,10.83,9.14,29135,512532080.0,16.6,4.91,0.5,17.14
2015-07-01,10.17,10.45,11.52,9.83,30255,576723008.0,15.82,-2.15,-0.23,17.8
2015-07-02,9.94,9.39,10.34,9.39,18970,326490960.0,9.09,-10.14,-1.06,11.16
2015-07-03,8.57,8.46,10.06,8.44,27893,451013296.0,17.25,-9.9,-0.93,16.41
2015-07-06,9.32,7.6,9.32,7.6,13904,206274718.0,20.33,-10.17,-0.86,8.18
2015-07-07,6.88,6.83,7.03,6.83,1910,23428094.0,2.63,-10.13,-0.77,1.12
2015-07-08,6.13,6.13,6.14,6.13,46920,516683280.0,0.15,-10.25,-0.7,27.6
2015-07-09,6.02,6.76,6.76,6.02,9714,115744789.0,12.07,10.28,0.63,5.71
2015-07-10,7.45,7.45,7.45,7.45,1818,24222898.0,0.0,10.21,0.69,1.07
2015-07-13,8.21,8.21,8.21,7.89,5193,75899671.0,4.3,10.2,0.76,3.05
2015-07-14,9.04,9.04,9.04,9.04,980,15803751.0,0.0,10.11,0.83,0.58
2015-07-15,8.97,8.97,9.77,8.57,20144,327778864.0,13.27,-0.77,-0.07,11.85
2015-07-16,8.29,8.63,9.88,8.06,14085,228461166.0,20.29,-3.79,-0.34,8.29
2015-07-17,8.63,9.51,9.51,8.17,9636,153891852.0,15.53,10.2,0.88,5.67
2015-07-20,9.46,10.47,10.47,9.46,10609,191755929.0,10.62,10.09,0.96,6.24
2015-07-21,10.27,10.76,11.19,10.05,7008,135173148.0,10.89,2.77,0.29,4.12
2015-07-22,10.62,10.82,10.99,10.34,3832,72865625.0,6.04,0.56,0.06,2.25
2015-07-23,10.57,11.92,11.92,10.57,6265,128013462.0,12.48,10.17,1.1,3.69
2015-07-24,12.28,11.99,13.13,11.6,14910,334450384.0,12.84,0.59,0.07,8.77
2015-07-27,11.35,10.78,11.88,10.78,12046,240211074.0,9.17,-10.09,-1.21,7.09
2015-07-28,9.68,9.68,11.21,9.68,13549,240912873.0,14.19,-10.2,-1.1,7.97
2015-07-29,9.94,10.39,10.44,9.1,10756,187915680.0,13.84,7.33,0.71,6.33
2015-07-30,10.11,9.39,10.4,9.37,9031,162512068.0,9.91,-9.62,-1.0,5.31
2015-07-31,8.97,8.73,9.37,8.44,6395,101278878.0,9.9,-7.03,-0.66,3.76
2015-08-03,8.57,8.67,9.47,8.29,6252,98911882.0,13.52,-0.69,-0.06,3.68
2015-08-04,8.71,9.56,9.56,8.59,7076,114754936.0,11.19,10.27,0.89,4.16
2015-08-05,9.36,9.32,9.77,9.18,6611,111607175.0,6.17,-2.51,-0.24,3.89
2015-08-06,9.03,9.53,9.77,8.86,5691,96666485.0,9.76,2.25,0.21,3.35
2015-08-07,9.53,10.4,10.5,9.29,11100,199414674.0,12.7,9.13,0.87,6.53
2015-08-10,10.28,10.98,11.16,10.28,6233,119924879.0,8.46,5.58,0.58,3.67
2015-08-11,10.96,10.68,11.08,10.51,5392,103583255.0,5.19,-2.73,-0.3,3.17
2015-08-12,10.45,9.6,11.02,9.6,8984,161092204.0,13.3,-10.11,-1.08,5.28
2015-08-13,9.31,9.8,9.88,8.93,13529,222398225.0,9.9,2.08,0.2,7.96
2015-08-14,9.6,9.66,9.96,9.44,7675,132143313.0,5.31,-1.43,-0.14,4.51
2015-08-17,9.63,9.02,9.63,8.92,5350,87017855.0,7.35,-6.63,-0.64,3.15
2015-08-18,9.0,8.35,9.31,8.28,4724,75001578.0,11.42,-7.43,-0.67,2.78
2015-08-19,8.39,9.11,9.18,8.29,5413,83882685.0,10.66,9.1,0.76,3.18
2015-08-20,8.91,8.83,9.32,8.74,5008,80788649.0,6.37,-3.07,-0.28,2.95
2015-08-21,8.53,8.24,8.79,8.23,3517,53026772.0,6.34,-6.68,-0.59,2.07
2015-08-24,7.43,7.4,7.82,7.4,1369,18273720.0,5.1,-10.19,-0.84,0.81
2015-08-25,6.65,6.65,7.14,6.65,4216,50856900.0,6.62,-10.14,-0.75,2.48
2015-08-26,6.7,5.97,7.01,5.97,6919,79403002.0,15.64,-10.23,-0.68,4.07
2015-08-27,6.12,6.0,6.39,5.36,8060,83221001.0,17.25,0.5,0.03,4.74
2015-08-28,6.01,6.45,6.55,5.67,7600,82272824.0,14.67,7.5,0.45,4.47
2015-08-31,6.45,5.79,6.45,5.79,6368,67977347.0,10.23,-10.23,-0.66,3.75
2015-09-01,5.36,5.2,5.52,5.2,3377,31938181.0,5.53,-10.19,-0.59,1.99
2015-09-02,4.66,4.66,5.55,4.66,7614,67253104.0,17.12,-10.38,-0.54,4.48
2015-09-07,4.73,4.81,5.08,4.67,6367,55916121.0,8.8,3.22,0.15,3.75
2015-09-08,4.75,5.2,5.21,4.58,7088,63417224.0,13.1,8.11,0.39,4.17
2015-09-09,5.21,5.52,5.68,5.15,8203,80480397.0,10.19,6.15,0.32,4.83
2015-09-10,5.32,5.21,5.42,5.15,5838,55436841.0,4.89,-5.62,-0.31,3.43
2015-09-11,5.2,5.26,5.47,5.15,4889,46733494.0,6.14,0.96,0.05,2.88
2015-09-14,5.28,4.72,5.37,4.72,4401,39390176.0,12.36,-10.27,-0.54,2.59
2015-09-15,4.42,4.23,4.58,4.23,5395,42464636.0,7.42,-10.38,-0.49,3.17
2015-09-16,4.3,4.67,4.67,4.23,6858,55110698.0,10.4,10.4,0.44,4.03
2015-09-17,4.59,4.68,5.05,4.56,7752,67580174.0,10.49,0.21,0.01,4.56
2015-09-18,4.73,4.92,4.95,4.65,5493,47899078.0,6.41,5.13,0.24,3.23
2015-09-21,4.81,5.42,5.42,4.7,5462,50752507.0,14.63,10.16,0.5,3.21
2015-09-22,5.78,5.98,5.98,5.61,12568,134677645.0,6.83,10.33,0.56,7.39
2015-09-23,5.89,6.09,6.29,5.81,14597,157785183.0,8.03,1.84,0.11,8.59
2015-09-24,5.95,5.78,6.46,5.55,10903,119249870.0,14.94,-5.09,-0.31,6.41
2015-09-25,5.89,5.51,6.01,5.38,9749,99189360.0,10.9,-4.67,-0.27,5.73
2015-09-28,5.51,6.08,6.08,5.5,8955,93851488.0,10.53,10.34,0.57,5.27
2015-09-29,5.84,6.12,6.24,5.84,9906,107798308.0,6.58,0.66,0.04,5.83
2015-09-30,6.08,5.95,6.21,5.78,5342,57430914.0,7.03,-2.78,-0.17,3.14
2015-10-08,6.24,6.29,6.48,6.12,7504,85252153.0,6.05,5.71,0.34,4.41
2015-10-09,6.29,6.93,6.93,6.2,9522,113077288.0,11.61,10.17,0.64,5.6
2015-10-12,7.09,7.63,7.64,6.9,13322,176053603.0,10.68,10.1,0.7,7.84
2015-10-13,7.55,8.2,8.38,7.41,16054,230482043.0,12.71,7.47,0.57,9.44
2015-10-14,8.12,8.73,9.0,8.12,9734,149814868.0,10.73,6.46,0.53,5.73
2015-10-15,8.57,8.74,8.96,8.53,11029,171428707.0,4.93,0.11,0.01,6.49
2015-10-16,8.69,8.74,8.92,8.57,9443,147164666.0,4.0,0.0,0.0,5.55
2015-10-19,8.86,9.63,9.63,8.48,13919,222705009.0,13.16,10.18,0.89,8.19
2015-10-20,9.65,9.61,10.05,9.31,12146,209011311.0,7.68,-0.21,-0.02,7.14
2015-10-21,9.46,8.77,9.65,8.63,13061,211539786.0,10.61,-8.74,-0.84,7.68
2015-10-22,8.74,9.16,9.51,8.74,13961,228121400.0,8.78,4.45,0.39,8.21
2015-10-23,9.17,9.21,9.83,9.08,15232,255790861.0,8.19,0.55,0.05,8.96
2015-10-26,9.2,8.8,9.21,8.43,16432,255077234.0,8.47,-4.45,-0.41,9.67
2015-10-27,8.65,9.69,9.69,8.44,15436,250485615.0,14.2,10.11,0.89,9.08
2015-10-28,9.71,9.04,9.77,8.85,13427,222694375.0,9.49,-6.71,-0.65,7.9
2015-10-29,9.11,9.16,9.47,9.03,9218,151816062.0,4.87,1.33,0.12,5.42
2015-10-30,9.13,10.1,10.1,8.97,15242,265940589.0,12.34,10.26,0.94,8.97
2015-11-02,9.83,10.51,11.12,9.8,21968,410791056.0,13.07,4.06,0.41,12.92
2015-11-03,10.37,10.37,10.87,10.06,10297,191157264.0,7.71,-1.33,-0.14,6.06
2015-11-04,10.45,10.92,11.09,9.77,12532,240155643.0,12.73,5.3,0.55,7.37
2015-11-05,10.74,10.66,11.14,10.4,14714,282708304.0,6.78,-2.38,-0.26,8.66
2015-11-06,10.57,11.03,11.14,10.53,13115,254462355.0,5.72,3.47,0.37,7.71
2015-11-09,10.88,11.64,12.14,10.85,16955,349456368.0,11.7,5.53,0.61,9.97
2015-11-10,11.48,11.7,12.1,11.25,13357,276707536.0,7.3,0.52,0.06,7.86
2015-11-11,11.65,12.88,12.88,11.36,16215,353808480.0,12.99,10.09,1.18,9.54
2015-11-12,12.85,13.76,13.87,12.5,15916,367313568.0,10.64,6.83,0.88,9.36
2015-11-13,13.36,12.37,13.52,12.37,12786,288142784.0,8.36,-10.1,-1.39,7.52
2015-11-16,11.19,11.92,12.28,11.13,12520,260535645.0,9.3,-3.64,-0.45,7.36
2015-11-17,12.05,11.31,12.39,11.09,16033,335743728.0,10.91,-5.12,-0.61,9.43
2015-11-18,11.31,10.46,11.45,10.4,16287,310288832.0,9.28,-7.52,-0.85,9.58
2015-11-19,10.62,11.52,11.52,10.54,16211,317575008.0,9.37,10.13,1.06,9.54
2015-11-20,11.68,11.42,11.9,11.08,17633,360900096.0,7.12,-0.87,-0.1,10.37
2015-11-23,11.45,10.85,11.45,10.69,11383,222938004.0,6.65,-4.99,-0.57,6.7
2015-11-24,10.69,11.95,11.95,10.69,19432,402622560.0,11.61,10.14,1.1,11.43
2015-11-25,12.05,12.05,12.36,11.71,18168,390295600.0,5.44,0.84,0.1,10.69
2015-11-26,12.04,12.39,12.96,11.93,15998,354322672.0,8.55,2.82,0.34,9.41
2015-11-27,12.33,11.76,12.9,11.65,16239,354334512.0,10.09,-5.08,-0.63,9.55
2015-11-30,11.99,12.95,12.95,11.76,19241,425132416.0,10.12,10.12,1.19,11.32
2015-12-01,13.22,11.87,13.61,11.64,23160,520156896.0,15.21,-8.34,-1.08,13.62
2015-12-02,11.59,11.27,11.64,10.67,16657,328016928.0,8.17,-5.05,-0.6,9.8
2015-12-03,11.19,11.55,11.79,10.97,13259,270638880.0,7.28,2.48,0.28,7.8
2015-12-04,11.64,11.67,12.14,11.25,13798,287637904.0,7.71,1.04,0.12,8.12
2015-12-07,11.48,11.73,12.1,11.14,11032,227929587.0,8.23,0.51,0.06,6.49
2015-12-08,11.59,12.92,12.92,11.49,19521,427313152.0,12.19,10.14,1.19,11.48
2015-12-09,12.57,12.07,12.78,11.67,16084,349610976.0,8.59,-6.58,-0.85,9.46
2015-12-10,12.0,11.85,12.19,11.53,10511,221816120.0,5.47,-1.82,-0.22,6.18
2015-12-11,11.64,11.27,11.98,11.25,10021,205978604.0,6.16,-4.89,-0.58,5.89
2015-12-14,10.85,11.26,11.42,10.28,10656,205697809.0,10.12,-0.09,-0.01,6.27
2015-12-15,11.23,11.22,11.45,11.08,8143,163122214.0,3.29,-0.36,-0.04,4.79
2015-12-16,11.31,11.59,11.93,11.31,8668,179687792.0,5.53,3.3,0.37,5.1
2015-12-17,11.69,11.93,12.04,11.61,9868,207086580.0,3.71,2.93,0.34,5.8
2015-12-18,11.93,11.46,12.1,11.43,9446,195755444.0,5.62,-3.94,-0.47,5.56
2015-12-21,11.36,11.3,11.54,11.17,5780,116050179.0,3.23,-1.4,-0.16,3.4
2015-12-22,11.4,11.51,11.75,11.25,8275,169227032.0,4.42,1.86,0.21,4.87
2015-12-23,11.51,11.23,11.62,11.23,9313,188908975.0,3.39,-2.43,-0.28,5.48
2015-12-24,11.24,11.4,11.51,11.05,7473,149918758.0,4.1,1.51,0.17,4.4
2015-12-25,11.4,10.97,11.56,10.82,9177,182534706.0,6.49,-3.77,-0.43,5.4
2015-12-28,10.99,10.56,11.24,10.56,9837,190258445.0,6.2,-3.74,-0.41,5.79
2015-12-29,10.58,10.41,10.66,10.14,7158,131708176.0,4.92,-1.42,-0.15,4.21
2015-12-30,10.41,10.53,10.61,10.34,5030,93630038.0,2.59,1.15,0.12,2.96
2015-12-31,10.45,9.84,10.53,9.71,8810,158088789.0,7.79,-6.55,-0.69,5.18
2016-01-04,9.84,8.84,9.99,8.84,6719,110963903.0,11.69,-10.16,-1.0,3.95
2016-01-05,8.29,9.11,9.26,8.29,11656,186427348.0,10.97,3.05,0.27,6.86
2016-01-06,8.94,9.26,9.26,8.65,11258,181366271.0,6.7,1.65,0.15,6.62
2016-01-07,9.0,8.32,9.0,8.32,2280,34969499.0,7.34,-10.15,-0.94,1.34
2016-01-08,8.63,8.29,8.74,7.83,8975,135482323.0,10.94,-0.36,-0.03,5.28
2016-01-11,8.23,8.02,8.74,7.95,10899,162627389.0,9.53,-3.26,-0.27,6.41
2016-01-12,8.06,8.36,8.53,8.06,8973,133614590.0,5.86,4.24,0.34,5.28
2016-01-13,8.4,7.61,8.4,7.61,10465,148888662.0,9.45,-8.97,-0.75,6.16
2016-01-14,7.2,7.93,8.07,7.03,10219,139541636.0,13.67,4.2,0.32,6.01
2016-01-15,7.83,7.37,7.93,7.29,8061,109392339.0,8.07,-7.06,-0.56,4.74
2016-01-18,7.2,7.64,7.86,7.05,11704,156869603.0,10.99,3.66,0.27,6.88
2016-01-19,7.49,7.92,8.09,7.36,15197,208245404.0,9.55,3.66,0.28,8.94
2016-01-20,7.78,7.66,7.95,7.55,11803,163427343.0,5.05,-3.28,-0.26,6.94
2016-01-21,7.55,7.41,7.93,7.41,10513,144250258.0,6.79,-3.26,-0.25,6.18
2016-01-22,7.5,7.62,7.72,7.27,7983,107075450.0,6.07,2.83,0.21,4.7
2016-01-25,7.77,7.93,8.13,7.68,11836,167781427.0,5.91,4.07,0.31,6.96
2016-01-26,7.77,7.23,8.1,7.15,13246,183986546.0,11.98,-8.83,-0.7,7.79
2016-01-27,7.2,7.23,7.37,6.52,10893,135125121.0,11.76,0.0,0.0,6.41
2016-01-28,7.1,6.51,7.1,6.49,7419,90040264.0,8.44,-9.96,-0.72,4.36
2016-01-29,6.35,6.75,6.91,6.33,7929,95055906.0,8.91,3.69,0.24,4.66
2016-02-01,6.71,6.46,6.74,6.35,8401,97952760.0,5.78,-4.3,-0.29,4.94
2016-02-02,6.51,6.81,6.87,6.46,9736,117926081.0,6.35,5.42,0.35,5.73
2016-02-03,6.65,6.81,6.84,6.49,13728,162766947.0,5.14,0.0,0.0,8.08
2016-02-04,6.86,7.1,7.26,6.81,13915,176903407.0,6.61,4.26,0.29,8.19
2016-02-05,7.2,7.11,7.26,7.03,8403,107415672.0,3.24,0.14,0.01,4.94
2016-02-15,6.78,6.97,7.02,6.59,6574,79872180.0,6.05,-1.97,-0.14,3.87
2016-02-16,7.03,7.42,7.43,7.0,8726,114138958.0,6.17,6.46,0.45,5.13
2016-02-17,7.38,7.67,7.69,7.32,11132,148745821.0,4.99,3.37,0.25,6.55
2016-02-18,7.75,7.78,8.12,7.6,12421,173909061.0,6.78,1.43,0.11,7.31
2016-02-19,7.72,7.77,7.91,7.6,7341,102013805.0,3.98,-0.13,-0.01,4.32
2016-02-22,7.89,7.87,8.0,7.62,8269,114877947.0,4.89,1.29,0.1,4.86
2016-02-23,7.82,7.52,7.86,7.31,10168,137769049.0,6.99,-4.45,-0.35,5.98
2016-02-24,7.44,7.15,7.67,7.03,9712,126139850.0,8.51,-4.92,-0.37,5.71
2016-02-25,7.11,6.42,7.2,6.42,10157,122512225.0,10.91,-10.21,-0.73,5.97
2016-02-26,6.48,6.09,6.63,5.89,12330,136885732.0,11.53,-5.14,-0.33,7.25
2016-02-29,6.08,5.47,6.08,5.47,8011,80307007.0,10.02,-10.18,-0.62,4.71
2016-03-01,5.39,5.35,5.61,5.1,11440,111261067.0,9.32,-2.19,-0.12,6.73
2016-03-02,5.44,5.9,5.9,5.38,15542,161640894.0,9.72,10.28,0.55,9.14
2016-03-03,5.99,6.12,6.35,5.98,22163,245364095.0,6.27,3.73,0.22,13.04
2016-03-04,6.01,5.67,6.12,5.55,14809,153785703.0,9.31,-7.35,-0.45,8.71
2016-03-07,5.84,6.25,6.25,5.77,26519,295909840.0,8.47,10.23,0.58,15.6
2016-03-08,6.22,6.19,6.26,5.64,25316,271199744.0,9.92,-0.96,-0.06,14.89
2016-03-09,5.95,5.87,6.15,5.72,13782,146987638.0,6.95,-5.17,-0.32,8.11
2016-03-10,5.78,5.73,6.01,5.68,12009,126786776.0,5.62,-2.39,-0.14,7.06
2016-03-11,5.57,5.92,5.92,5.45,13430,138939240.0,8.2,3.32,0.19,7.9
2016-03-14,6.05,6.46,6.53,6.05,25279,290730192.0,8.11,9.12,0.54,14.87
2016-03-15,6.35,6.26,6.58,6.26,18392,211567047.0,4.95,-3.1,-0.2,10.82
2016-03-16,6.46,6.21,6.58,6.06,13098,147626764.0,8.31,-0.8,-0.05,7.7
2016-03-17,6.26,6.69,6.84,6.21,19147,225218544.0,10.14,7.73,0.48,11.26
2016-03-18,6.77,6.98,7.14,6.64,20213,251904822.0,7.47,4.33,0.29,11.89
2016-03-21,7.09,7.15,7.22,6.94,19730,250121031.0,4.01,2.44,0.17,11.61
2016-03-22,7.03,6.96,7.09,6.94,14545,182342332.0,2.1,-2.66,-0.19,8.56
2016-03-23,6.95,7.18,7.22,6.86,15486,196903388.0,5.17,3.16,0.22,9.11
2016-03-24,7.09,7.13,7.38,6.88,19926,254699430.0,6.96,-0.7,-0.05,11.72
2016-03-25,7.09,7.67,7.83,7.09,24077,326111136.0,10.38,7.57,0.54,14.16
2016-03-28,7.95,7.45,8.06,7.39,29778,413922032.0,8.74,-2.87,-0.22,17.52
2016-03-29,7.29,7.6,7.68,7.05,23902,314909984.0,8.46,2.01,0.15,14.06
2016-03-30,7.57,8.0,8.05,7.49,24324,338876416.0,7.37,5.26,0.4,14.31
2016-03-31,8.06,8.82,8.82,7.88,32675,487824864.0,11.75,10.25,0.82,19.22
2016-04-01,8.85,8.62,8.9,8.41,24789,383783040.0,5.56,-2.27,-0.2,14.58
2016-04-05,8.58,8.94,9.42,8.37,22601,356803920.0,12.18,3.71,0.32,13.29
2016-04-06,8.69,9.11,9.15,8.57,22467,355280256.0,6.49,1.9,0.17,13.22
2016-04-07,9.08,9.3,9.76,8.89,25643,426789424.0,9.55,2.09,0.19,15.08
2016-04-08,9.06,9.03,9.38,8.69,20933,336836496.0,7.42,-2.9,-0.27,12.31
2016-04-11,9.09,8.89,9.2,8.82,15933,255830472.0,4.21,-1.55,-0.14,9.37
2016-04-12,8.87,8.29,8.97,8.12,20393,308233232.0,9.56,-6.75,-0.6,12.0
2016-04-13,8.37,8.34,8.57,8.2,16606,249467384.0,4.46,0.6,0.05,9.77
2016-04-14,8.38,8.48,8.52,8.28,10536,158201790.0,2.88,1.68,0.14,6.2
2016-04-15,8.48,8.34,8.56,8.3,7724,115552734.0,3.07,-1.65,-0.14,4.54
2016-04-18,8.34,8.49,8.68,8.29,13541,206161434.0,4.68,1.8,0.15,7.97
2016-04-19,8.61,8.53,8.69,8.46,11925,182405964.0,2.71,0.47,0.04,7.01
2016-04-20,8.52,7.68,8.55,7.66,20442,290417360.0,10.43,-9.96,-0.85,12.02
2016-04-21,7.6,7.14,7.62,7.13,15451,204207322.0,6.38,-7.03,-0.54,9.09
2016-04-22,6.99,7.48,7.54,6.78,13186,173210660.0,10.64,4.76,0.34,7.76
2016-04-25,7.38,7.31,7.41,7.06,8223,106954952.0,4.68,-2.27,-0.17,4.84
2016-04-26,7.26,7.43,7.55,7.21,8159,108233961.0,4.65,1.64,0.12,4.8
2016-04-27,7.38,7.23,7.43,7.2,8808,115611405.0,3.1,-2.69,-0.2,5.18
2016-04-28,7.18,7.55,7.6,7.15,10194,134345890.0,6.22,4.43,0.32,6.0
2016-04-29,7.48,7.34,7.55,7.34,8989,119142815.0,2.78,-2.78,-0.21,5.29
2016-05-03,7.38,7.69,7.69,7.15,15891,211727166.0,7.36,4.77,0.35,9.35
2016-05-04,7.55,7.66,7.77,7.55,11250,153939800.0,2.86,-0.39,-0.03,6.62
2016-05-05,7.65,8.05,8.11,7.62,15593,219911388.0,6.4,5.09,0.39,9.17
2016-05-06,8.0,7.55,8.21,7.55,16661,233865114.0,8.2,-6.21,-0.5,9.8
2016-05-09,7.33,7.02,7.38,6.81,9844,125619153.0,7.55,-7.02,-0.53,5.79
2016-05-10,7.02,6.96,7.13,6.9,6655,83697236.0,3.28,-0.85,-0.06,3.91
2016-05-11,6.95,6.45,7.08,6.25,13971,164718916.0,11.93,-7.33,-0.51,8.22
2016-05-12,6.24,6.58,6.63,6.01,10176,114738850.0,9.61,2.02,0.13,5.99
2016-05-13,6.44,6.52,6.69,6.35,8293,97050977.0,5.17,-0.91,-0.06,4.88
2016-05-16,6.35,6.59,6.61,6.24,8498,98633819.0,5.67,1.07,0.07,2.18
2016-05-17,6.66,7.03,7.25,6.57,14636,180942624.0,10.32,6.68,0.44,3.76
2016-05-18,6.98,6.41,6.98,6.31,13371,158382484.0,9.53,-8.82,-0.62,3.44
2016-05-19,6.4,6.71,7.03,6.38,15054,182986819.0,10.14,4.68,0.3,3.87
2016-05-20,6.54,7.4,7.4,6.52,22811,293160144.0,13.11,10.28,0.69,5.86
2016-05-23,7.72,7.82,7.92,7.41,27133,369354512.0,6.89,5.68,0.42,6.98
2016-05-24,7.61,7.45,7.81,7.3,67259,300309696.0,6.52,-4.73,-0.37,5.76
2016-05-25,7.48,7.97,8.21,7.48,107294,512785440.0,9.8,6.98,0.52,9.19
2016-05-26,7.73,7.79,7.79,7.25,90822,407133312.0,6.78,-2.26,-0.18,7.78
2016-05-27,7.58,7.45,7.73,7.45,50644,228765968.0,3.59,-4.36,-0.34,4.34
2016-08-25,8.21,8.21,8.21,8.08,69193,337987792.0,1.74,10.2,0.76,5.93
2016-08-26,8.5,8.2,8.81,8.07,159766,806170512.0,9.01,-0.12,-0.01,13.69
2016-08-29,8.41,8.27,8.75,8.26,95136,477524416.0,5.98,0.85,0.07,8.15
2016-08-30,8.38,7.52,8.38,7.46,97115,446638240.0,11.12,-9.07,-0.75,8.32
2016-08-31,7.52,7.32,7.52,7.14,55381,240495441.0,5.05,-2.66,-0.2,4.75
2016-09-01,7.32,7.27,7.41,7.23,34550,150752707.0,2.46,-0.68,-0.05,2.96
2016-09-02,7.28,7.15,7.36,7.14,33037,143027856.0,3.03,-1.65,-0.12,2.83
2016-09-05,7.07,7.09,7.25,7.07,27392,117194342.0,2.52,-0.84,-0.06,2.35
2016-09-06,7.09,7.08,7.11,6.87,34915,145434969.0,3.39,-0.14,-0.01,2.99
2016-09-07,7.08,6.98,7.11,6.97,26559,111651945.0,1.98,-1.41,-0.1,2.28
2016-09-08,6.98,7.06,7.12,6.96,22986,96624947.0,2.29,1.15,0.08,1.97
2016-09-09,7.06,6.89,7.06,6.88,24658,101973830.0,2.55,-2.41,-0.17,2.11
2016-09-12,6.7,6.44,6.72,6.44,26553,104675781.0,4.06,-6.53,-0.45,2.28
2016-09-13,6.54,6.36,6.56,6.32,20714,79274180.0,3.73,-1.24,-0.08,1.78
2016-09-14,6.34,6.29,6.35,6.19,16401,61657242.0,2.52,-1.1,-0.07,1.41
2016-09-19,6.36,6.36,6.39,6.32,16800,63766855.0,1.11,1.11,0.07,1.44
2016-09-20,6.33,6.55,6.61,6.33,24855,96641257.0,4.4,2.99,0.19,2.13
2016-09-21,6.53,6.5,6.59,6.45,14733,57246444.0,2.14,-0.76,-0.05,1.26
2016-09-22,6.53,6.45,6.56,6.44,11617,45037588.0,1.85,-0.77,-0.05,1.0
2016-09-23,6.48,6.37,6.5,6.36,10648,40949170.0,2.17,-1.24,-0.08,0.91
2016-09-26,6.31,6.17,6.7,6.15,22173,84541801.0,8.63,-3.14,-0.2,1.9
2016-09-27,6.17,6.01,6.25,5.85,37207,133154382.0,6.48,-2.59,-0.16,3.19
2016-09-28,6.01,5.87,6.01,5.85,23079,81415899.0,2.66,-2.33,-0.14,1.98
2016-09-29,5.86,5.83,5.89,5.82,21677,75995023.0,1.19,-0.68,-0.04,1.86
2016-09-30,5.82,5.87,5.91,5.81,12614,44306082.0,1.72,0.69,0.04,1.08
2016-10-10,5.93,6.48,6.48,5.93,35373,131688054.0,9.37,10.39,0.61,3.03
2016-10-11,6.63,6.64,6.75,6.56,53168,210852840.0,2.93,2.47,0.16,4.56
2016-10-12,6.63,6.57,6.63,6.53,29810,116910141.0,1.51,-1.05,-0.07,2.55
2016-10-13,6.54,6.62,6.8,6.53,30800,122748673.0,4.11,0.76,0.05,2.64
2016-10-14,6.53,6.6,6.61,6.36,26264,101743524.0,3.78,-0.3,-0.02,2.25
2016-10-17,7.1,6.88,7.27,6.82,86585,362220112.0,6.82,4.24,0.28,7.42
2016-10-18,6.85,6.82,6.85,6.61,42081,169458488.0,3.49,-0.87,-0.06,3.61
2016-10-19,6.81,6.85,6.95,6.75,34364,140296867.0,2.93,0.44,0.03,2.94
2016-10-20,6.8,7.06,7.11,6.75,49270,203933983.0,5.26,3.07,0.21,4.22
2016-10-21,7.06,6.83,7.06,6.79,30130,123555648.0,3.82,-3.26,-0.23,2.58
2016-10-24,6.82,6.84,6.9,6.78,22087,89982098.0,1.76,0.15,0.01,1.89
2016-10-25,6.85,6.7,6.85,6.68,24515,98847425.0,2.49,-2.05,-0.14,2.1
2016-10-26,6.7,6.65,6.79,6.61,21316,85163456.0,2.69,-0.75,-0.05,1.83
2016-11-04,7.18,7.33,7.33,7.06,26903,116373718.0,4.06,10.23,0.68,2.31
2016-11-07,7.9,7.1,7.9,7.03,96584,426209424.0,11.87,-3.14,-0.23,8.28
2016-11-08,7.04,7.0,7.04,6.88,46544,193597594.0,2.25,-1.41,-0.1,3.99
2016-11-09,7.0,6.93,7.21,6.87,46800,196502466.0,4.86,-1.0,-0.07,4.01
2016-11-10,6.95,6.93,7.03,6.87,35584,147063071.0,2.31,0.0,0.0,3.05
2016-11-11,6.89,6.85,6.93,6.79,30434,124111639.0,2.02,-1.15,-0.08,2.61
2016-11-14,6.78,6.91,6.99,6.78,33574,137927163.0,3.07,0.88,0.06,2.88
2016-11-15,6.91,6.88,6.91,6.75,24672,100442633.0,2.32,-0.43,-0.03,2.11
2016-11-16,6.94,6.93,7.08,6.88,38639,160910166.0,2.91,0.73,0.05,3.31
2016-11-17,6.93,7.17,7.21,6.76,64433,270301488.0,6.49,3.46,0.24,5.52
2016-11-18,7.11,7.02,7.21,6.99,37908,159744643.0,3.07,-2.09,-0.15,3.25
2016-11-21,6.93,6.95,7.1,6.89,25594,106009992.0,2.99,-1.0,-0.07,2.19
2016-11-22,6.95,7.02,7.05,6.92,27904,116322178.0,1.87,1.01,0.07,2.39
2016-11-23,7.02,6.88,7.02,6.87,26728,110577900.0,2.14,-1.99,-0.14,2.29
2016-11-24,6.85,6.67,6.91,6.66,24138,97547658.0,3.63,-3.05,-0.21,2.07
2016-11-25,6.66,6.84,7.01,6.44,31295,126239785.0,8.55,2.55,0.17,2.68
2016-11-28,6.81,6.71,6.85,6.71,16360,65994658.0,2.05,-1.9,-0.13,1.4
2016-11-29,6.67,6.59,6.75,6.58,17763,70506325.0,2.53,-1.79,-0.12,1.52
2016-11-30,6.54,6.59,6.75,6.53,18581,73493497.0,3.34,0.0,0.0,1.59
2016-12-01,6.65,6.59,6.71,6.58,12641,50046601.0,1.97,0.0,0.0,1.08
2016-12-02,6.61,6.44,6.62,6.44,15413,60048829.0,2.73,-2.28,-0.15,1.32
2016-12-05,6.35,6.41,6.49,6.29,10732,41220382.0,3.11,-0.47,-0.03,0.92
2016-12-06,6.39,6.36,6.49,6.34,10916,41767325.0,2.34,-0.78,-0.05,0.94
2016-12-07,6.45,6.4,6.46,6.37,11029,42160429.0,1.42,0.63,0.04,0.95
2016-12-08,6.4,6.45,6.46,6.34,16729,64112122.0,1.88,0.78,0.05,1.43
2016-12-09,6.45,6.55,6.6,6.36,23575,91090902.0,3.72,1.55,0.1,2.02
2016-12-12,6.5,6.0,6.53,5.9,21453,79656646.0,9.62,-8.4,-0.55,1.84
2016-12-13,6.0,5.93,6.0,5.8,13142,46567328.0,3.33,-1.17,-0.07,1.13
2016-12-14,5.98,5.85,5.98,5.84,9779,34389778.0,2.36,-1.35,-0.08,0.84
2016-12-15,5.85,5.9,6.0,5.85,11200,39657664.0,2.56,0.85,0.05,0.96
2016-12-16,5.9,5.97,6.0,5.85,9022,32095771.0,2.54,1.19,0.07,0.76
2016-12-19,5.92,5.89,5.99,5.88,8470,30013985.0,1.84,-1.34,-0.08,0.72
2016-12-20,5.88,5.89,5.93,5.85,6265,22076132.0,1.36,0.0,0.0,0.53
2016-12-21,5.92,5.93,5.96,5.88,7168,25412449.0,1.36,0.68,0.04,0.61
2016-12-22,5.98,6.53,6.53,5.91,28389,108045820.0,10.46,10.12,0.6,2.4
2016-12-23,6.63,6.4,6.75,6.4,54112,213435150.0,5.36,-1.99,-0.13,4.58
2016-12-26,6.36,6.52,6.69,6.21,43803,170943544.0,7.5,1.88,0.12,3.71
2016-12-27,6.52,6.37,6.63,6.34,29586,114526540.0,4.45,-2.3,-0.15,2.5
2016-12-28,6.35,6.27,6.49,6.23,18361,69174444.0,4.08,-1.57,-0.1,1.55
2016-12-29,6.27,6.26,6.38,6.25,13904,52375665.0,2.07,-0.16,-0.01,1.18
2016-12-30,6.19,6.17,6.34,6.05,19455,71986225.0,4.63,-1.44,-0.09,1.65
2017-01-03,6.28,6.26,6.51,6.25,21204,80529496.0,4.21,1.46,0.09,1.94
2017-01-04,6.26,6.43,6.48,6.18,24053,91056300.0,4.79,2.72,0.17,2.2
2017-01-05,6.42,6.45,6.53,6.36,21518,83083686.0,2.64,0.31,0.02,1.97
2017-01-06,6.36,6.4,6.52,6.32,21462,82352295.0,3.1,-0.78,-0.05,1.96
2017-01-09,6.4,6.44,6.5,6.33,12048,46375646.0,2.66,0.63,0.04,1.1
2017-01-10,6.44,6.36,6.51,6.34,9891,37929544.0,2.64,-1.24,-0.08,0.91
2017-01-11,6.35,6.15,6.4,6.14,15516,57892387.0,4.09,-3.3,-0.21,1.42
2017-01-12,6.1,5.99,6.17,5.99,10298,37441023.0,2.93,-2.6,-0.16,0.94
2017-01-13,6.0,5.96,6.1,5.93,10935,39403622.0,2.84,-0.5,-0.03,1.0
2017-01-16,5.93,5.71,5.96,5.59,17388,59834393.0,6.21,-4.19,-0.25,1.59
2017-01-17,5.71,5.89,5.89,5.58,15416,53178981.0,5.43,3.15,0.18,1.41
2017-01-18,5.83,5.67,5.83,5.67,12501,43095172.0,2.72,-3.74,-0.22,1.14
2017-01-19,5.67,5.67,5.74,5.62,6066,20656002.0,2.12,0.0,0.0,0.56
2017-01-20,5.67,5.81,5.87,5.66,10074,34976497.0,3.7,2.47,0.14,0.92
2017-01-23,5.79,6.01,6.01,5.77,17233,61194102.0,4.13,3.44,0.2,1.58
2017-01-24,6.01,6.19,6.32,5.9,18905,68760645.0,6.99,3.0,0.18,1.73
2017-01-25,6.19,6.17,6.82,6.04,27229,101615126.0,12.6,-0.32,-0.02,2.49
2017-01-26,6.36,6.11,6.36,6.08,12893,47420185.0,4.54,-0.97,-0.06,1.18
2017-02-03,6.14,5.98,6.14,5.95,8085,29078686.0,3.11,-2.13,-0.13,0.74
2017-02-06,5.98,6.13,6.19,5.98,10938,39941020.0,3.51,2.51,0.15,1.0
2017-02-07,6.19,6.03,6.19,6.02,8629,31331654.0,2.77,-1.63,-0.1,0.79
2017-02-08,6.03,6.15,6.16,6.03,9603,35061472.0,2.16,1.99,0.12,0.88
2017-02-09,6.1,6.14,6.16,6.1,12441,45597737.0,0.98,-0.16,-0.01,1.14
2017-02-10,6.14,6.0,6.14,5.99,15675,56793385.0,2.44,-2.28,-0.14,1.44
2017-02-13,5.93,5.93,6.06,5.92,19477,69651549.0,2.33,-1.17,-0.07,1.78
2017-02-14,5.98,5.92,5.98,5.85,12651,44533940.0,2.19,-0.17,-0.01,1.16
2017-02-15,5.9,5.87,5.94,5.85,8759,30943682.0,1.52,-0.84,-0.05,0.8
2017-02-16,5.87,5.81,5.87,5.76,13980,48561263.0,1.87,-1.02,-0.06,1.28
2017-02-17,5.78,5.77,5.9,5.74,10612,36867089.0,2.75,-0.69,-0.04,0.97
2017-02-20,5.77,5.88,5.88,5.73,10269,35700957.0,2.6,1.91,0.11,0.94
2017-02-21,5.89,5.96,6.0,5.82,17802,63227806.0,3.06,1.36,0.08,1.63
2017-02-22,5.95,5.93,6.0,5.88,8262,29286615.0,2.01,-0.5,-0.03,0.76
2017-02-23,5.97,6.02,6.07,5.9,19221,69200939.0,2.87,1.52,0.09,1.76
2017-02-24,6.0,6.01,6.03,5.97,10744,38600589.0,1.0,-0.17,-0.01,0.98
2017-02-27,6.01,5.86,6.02,5.85,13339,47365895.0,2.83,-2.5,-0.15,1.22
2017-02-28,5.87,5.89,5.93,5.82,10188,35783734.0,1.88,0.51,0.03,0.93
2017-03-01,5.88,5.89,5.93,5.84,10592,37397663.0,1.53,0.0,0.0,0.97
2017-03-02,5.89,5.99,6.05,5.89,22093,79086180.0,2.72,1.7,0.1,2.02
2017-03-03,5.95,6.02,6.04,5.95,15438,55409310.0,1.5,0.5,0.03,1.41
2017-03-06,6.01,6.14,6.15,5.97,21699,79129701.0,2.99,1.99,0.12,1.99
2017-03-07,6.11,6.11,6.13,6.0,20589,74719375.0,2.12,-0.49,-0.03,1.88
2017-03-08,6.1,6.03,6.11,6.03,21396,77488909.0,1.31,-1.31,-0.08,1.96
2017-03-09,6.06,5.99,6.09,5.95,12525,45113193.0,2.32,-0.66,-0.04,1.06
2017-03-10,5.99,5.98,6.06,5.96,9374,33637351.0,1.67,-0.17,-0.01,0.79
2017-03-13,5.93,5.94,5.99,5.87,19170,67848942.0,2.01,-0.67,-0.04,1.61
2017-03-14,5.98,5.87,6.0,5.87,18643,66007515.0,2.19,-1.18,-0.07,1.57
2017-03-15,5.87,5.87,5.91,5.81,11488,40250051.0,1.7,0.0,0.0,0.97
2017-03-16,5.87,5.91,5.94,5.85,14043,49597596.0,1.53,0.68,0.04,1.18
2017-03-17,5.93,5.87,5.99,5.87,15577,55295729.0,2.03,-0.68,-0.04,1.31
2017-03-20,5.86,5.95,5.97,5.78,18166,63735595.0,3.24,1.36,0.08,1.53
2017-03-21,5.91,5.89,5.93,5.86,10273,36210772.0,1.18,-1.01,-0.06,0.87
2017-03-22,5.85,5.81,5.86,5.79,10232,35670303.0,1.19,-1.36,-0.08,0.86
2017-03-23,5.79,5.86,5.9,5.76,9758,34098858.0,2.41,0.86,0.05,0.82
2017-03-24,5.85,5.88,5.91,5.8,9615,33828795.0,1.88,0.34,0.02,0.81
2017-03-27,5.93,5.79,5.93,5.79,15653,55030880.0,2.38,-1.53,-0.09,1.32
2017-03-28,5.9,5.99,6.2,5.83,39475,142604467.0,6.39,3.45,0.2,3.33
2017-03-29,6.0,6.09,6.15,5.9,39158,142145809.0,4.17,1.67,0.1,3.3
2017-03-30,6.09,5.73,6.09,5.72,38189,134605302.0,6.08,-5.91,-0.36,3.22
2017-03-31,5.74,5.63,5.75,5.53,27716,93476802.0,3.84,-1.75,-0.1,2.33
2017-04-05,5.64,5.77,5.8,5.58,17326,59293201.0,3.91,2.49,0.14,1.46
2017-04-06,5.79,5.7,5.85,5.68,14640,50130250.0,2.95,-1.21,-0.07,1.23
2017-04-07,5.7,5.7,5.76,5.68,8340,28554021.0,1.4,0.0,0.0,0.7
2017-04-10,5.71,5.47,5.75,5.45,21395,71478862.0,5.26,-4.04,-0.23,1.8
2017-04-11,5.47,5.55,5.59,5.42,11176,36858620.0,3.11,1.46,0.08,0.94
2017-04-12,5.56,5.45,5.57,5.45,9490,31235501.0,2.16,-1.8,-0.1,0.8
2017-04-13,5.46,5.44,5.59,5.42,13247,43593670.0,3.12,-0.18,-0.01,1.12
2017-04-14,5.49,5.36,5.49,5.36,9901,32107327.0,2.39,-1.47,-0.08,0.83
2017-04-17,5.36,5.33,5.4,5.29,8348,26777760.0,2.05,-0.56,-0.03,0.7
2017-04-18,5.32,5.18,5.37,5.18,8647,27375547.0,3.56,-2.81,-0.15,0.73
2017-04-19,5.17,5.04,5.19,4.96,13763,41493701.0,4.44,-2.7,-0.14,1.16
2017-04-20,5.07,4.92,5.07,4.88,11480,34121870.0,3.77,-2.38,-0.12,0.97
2017-04-21,4.92,4.98,5.01,4.92,10299,30722204.0,1.83,1.22,0.06,0.87
2017-04-24,4.96,4.74,4.99,4.73,10694,30916333.0,5.22,-4.82,-0.24,0.9
2017-04-25,4.67,4.88,4.97,4.67,12205,35751038.0,6.33,2.95,0.14,1.03
2017-04-26,4.95,4.91,4.96,4.82,6933,20486709.0,2.87,0.61,0.03,0.58
2017-04-27,4.94,4.98,5.01,4.84,9472,28088356.0,3.46,1.43,0.07,0.8
2017-04-28,5.0,5.01,5.04,4.96,6191,18508982.0,1.61,0.6,0.03,0.52
2017-05-02,4.98,5.26,5.34,4.98,18722,58540025.0,7.19,4.99,0.25,1.58
2017-05-03,5.21,5.15,5.26,5.13,9489,29425592.0,2.47,-2.09,-0.11,0.8
2017-05-04,5.13,5.11,5.19,5.07,8700,26756408.0,2.33,-0.78,-0.04,0.73
2017-05-05,5.35,5.29,5.58,5.28,28190,91094976.0,5.87,3.52,0.18,2.37
2017-05-08,5.28,5.16,5.33,5.12,15539,48843640.0,3.97,-2.46,-0.13,1.31
2017-05-09,5.15,5.21,5.26,5.08,10099,31421404.0,3.49,0.97,0.05,0.79
2017-05-10,5.23,5.06,5.29,5.03,11696,36167968.0,4.99,-2.88,-0.15,0.92
2017-05-11,5.02,4.94,5.05,4.77,11809,34619959.0,5.53,-2.37,-0.12,0.93
2017-05-12,4.94,4.86,4.96,4.82,8638,25170902.0,2.83,-1.62,-0.08,0.68
2017-05-15,4.86,5.07,5.26,4.86,13987,42456307.0,8.23,4.32,0.21,1.1
2017-05-16,5.06,5.14,5.16,4.94,12383,37334275.0,4.34,1.38,0.07,0.97
2017-05-17,5.13,5.1,5.21,5.1,11147,34329573.0,2.14,-0.78,-0.04,0.94
2017-05-18,5.09,5.17,5.28,5.0,14898,46356650.0,5.49,1.37,0.07,1.25
2017-05-19,5.17,5.25,5.3,5.13,12303,38413867.0,3.29,1.55,0.08,1.03
2017-05-22,5.26,5.13,5.26,5.12,10918,33755074.0,2.67,-2.29,-0.12,0.92
2017-05-23,5.08,4.88,5.14,4.88,11169,33134375.0,5.07,-4.87,-0.25,0.94
2017-05-24,4.87,4.91,4.95,4.79,11306,32993323.0,3.28,0.61,0.03,0.95
2017-05-25,4.92,4.9,4.95,4.79,8819,25723817.0,3.26,-0.2,-0.01,0.74
2017-05-26,4.89,4.9,4.94,4.87,5526,16234582.0,1.43,0.0,0.0,0.46
2017-05-31,4.97,4.89,5.01,4.87,7581,22531978.0,2.86,-0.2,-0.01,0.64
2017-06-01,4.85,4.67,4.89,4.65,12964,36805792.0,4.91,-4.5,-0.22,1.09
2017-06-02,4.64,4.73,4.79,4.6,7887,22130542.0,4.07,1.28,0.06,0.66
2017-06-05,4.78,4.76,4.81,4.72,7782,22251230.0,1.9,0.63,0.03,0.65
2017-06-06,4.76,4.78,4.79,4.72,7812,22362971.0,1.47,0.42,0.02,0.66
2017-06-07,4.76,4.91,4.93,4.76,12570,36739766.0,3.56,2.72,0.13,1.06
2017-06-08,4.92,5.06,5.13,4.89,19678,59589663.0,4.89,3.05,0.15,1.65
2017-06-09,5.04,5.24,5.24,5.02,21586,66381149.0,4.35,3.56,0.18,1.81
2017-06-12,5.17,5.13,5.32,5.07,18739,58495119.0,4.77,-2.1,-0.11,1.57
2017-06-13,5.09,5.42,5.42,5.09,25216,80004239.0,6.43,5.65,0.29,2.12
2017-06-14,5.35,5.33,5.44,5.3,11215,35917664.0,2.58,-1.66,-0.09,0.94
2017-06-15,5.31,5.36,5.43,5.27,11412,36663760.0,3.0,0.56,0.03,0.96
2017-06-16,5.35,5.24,5.48,5.23,10802,34136186.0,4.66,-2.24,-0.12,0.91
2017-06-19,5.35,5.29,5.35,5.2,6899,21679522.0,2.86,0.95,0.05,0.58
2017-06-20,5.29,5.28,5.34,5.26,10117,32133268.0,1.51,-0.19,-0.01,0.85
2017-06-21,5.28,5.42,5.42,5.27,19221,61797737.0,2.84,2.65,0.14,1.61
2017-06-22,5.4,5.11,5.41,5.1,15255,47988719.0,5.72,-5.72,-0.31,1.28
2017-06-23,5.21,5.16,5.21,5.09,6711,20649919.0,2.35,0.98,0.05,0.56
2017-06-26,5.18,5.24,5.26,5.12,7734,24140508.0,2.71,1.55,0.08,0.65
2017-06-27,5.26,5.21,5.28,5.16,5957,18571908.0,2.29,-0.57,-0.03,0.5
2017-06-28,5.21,5.17,5.22,5.15,5362,16635362.0,1.34,-0.77,-0.04,0.45
2017-06-29,5.15,5.17,5.22,5.15,5467,16979860.0,1.35,0.0,0.0,0.46
2017-06-30,5.12,5.07,5.16,5.02,8326,25294039.0,2.71,-1.93,-0.1,0.65
2017-07-03,5.12,5.13,5.13,5.01,9992,30349567.0,2.37,1.18,0.06,0.78
2017-07-04,5.11,5.15,5.16,5.09,8866,27214291.0,1.36,0.39,0.02,0.69
2017-07-05,5.13,5.31,5.31,5.13,15122,47763531.0,3.5,3.11,0.16,1.18
2017-07-06,5.31,5.27,5.35,5.24,10689,33830558.0,2.07,-0.75,-0.04,0.84
2017-07-07,5.33,5.28,5.35,5.25,11897,37767232.0,1.9,0.19,0.01,0.93
2017-07-10,5.31,5.16,5.31,5.13,14579,45109734.0,3.41,-2.27,-0.12,1.14
2017-07-11,5.14,5.18,5.23,5.12,12217,37795691.0,2.13,0.39,0.02,0.96
2017-07-12,5.14,5.13,5.19,5.02,10294,31349545.0,3.28,-0.97,-0.05,0.81
2017-07-13,5.13,5.07,5.13,5.04,9415,28578006.0,1.75,-1.17,-0.06,0.74
2017-07-14,5.08,5.13,5.14,5.05,9888,30204009.0,1.78,1.18,0.06,0.77
2017-07-17,5.06,4.64,5.06,4.6,24056,68299432.0,8.97,-9.55,-0.49,1.88
2017-07-18,4.64,4.66,4.7,4.55,9058,25160303.0,3.23,0.43,0.02,0.71
2017-07-19,4.67,4.57,4.67,4.54,16397,44994905.0,2.79,-1.93,-0.09,1.28
2017-07-20,4.57,4.59,4.63,4.57,9190,25371208.0,1.31,0.44,0.02,0.72
2017-07-21,4.58,4.55,4.61,4.55,7239,19884887.0,1.31,-0.87,-0.04,0.57
2017-07-24,4.54,4.59,4.59,4.48,9889,26929161.0,2.42,0.88,0.04,0.77
2017-07-25,4.58,4.57,4.6,4.55,6099,16752140.0,1.09,-0.44,-0.02,0.48
2017-07-26,4.6,4.55,4.63,4.55,4965,13644711.0,1.75,-0.44,-0.02,0.39
2017-07-27,4.56,4.85,4.92,4.5,22663,64638503.0,9.23,6.59,0.3,1.77
2017-07-28,4.81,4.74,4.83,4.73,12925,37047057.0,2.06,-2.27,-0.11,1.01
2017-07-31,4.73,4.77,4.8,4.67,8390,23899653.0,2.74,0.63,0.03,0.66
2017-08-01,4.77,4.77,4.82,4.73,7053,20150954.0,1.89,0.0,0.0,0.55
2017-08-02,4.82,4.72,4.82,4.71,8129,23243079.0,2.31,-1.05,-0.05,0.64
2017-08-03,4.72,4.8,4.9,4.68,11097,32099529.0,4.66,1.69,0.08,0.87
2017-08-04,4.79,4.76,4.83,4.76,6218,17892952.0,1.46,-0.83,-0.04,0.49
2017-08-07,4.76,4.79,4.9,4.76,6252,18110267.0,2.94,0.63,0.03,0.49
2017-08-08,4.76,4.87,4.87,4.69,10899,31529796.0,3.76,1.67,0.08,0.85
2017-08-09,4.84,4.86,4.92,4.82,8278,24128542.0,2.05,-0.21,-0.01,0.65
2017-08-10,4.8,4.8,4.86,4.78,9218,26565889.0,1.65,-1.23,-0.06,0.72
2017-08-11,4.76,4.7,4.79,4.68,8911,25234306.0,2.29,-2.08,-0.1,0.7
2017-08-14,4.7,4.84,4.88,4.7,12555,36267980.0,3.83,2.98,0.14,0.98
2017-08-15,4.87,4.88,4.95,4.79,11872,34688384.0,3.31,0.83,0.04,0.93
2017-08-16,4.91,5.01,5.04,4.81,21818,64668642.0,4.71,2.66,0.13,1.71
2017-08-17,5.01,5.06,5.17,4.93,22020,66485479.0,4.79,1.0,0.05,1.72
2017-08-18,5.01,4.91,5.05,4.91,14111,42047193.0,2.77,-2.96,-0.15,1.1
2017-08-21,4.92,4.94,5.0,4.92,9846,29249576.0,1.63,0.61,0.03,0.77
2017-08-22,4.94,4.88,4.99,4.86,9448,27857237.0,2.63,-1.21,-0.06,0.74
2017-08-23,4.92,4.91,4.97,4.89,7833,23152788.0,1.64,0.61,0.03,0.61
2017-08-24,4.91,4.85,4.95,4.84,8493,24810285.0,2.24,-1.22,-0.06,0.66
2017-08-25,4.88,4.91,4.94,4.85,6153,18060210.0,1.86,1.24,0.06,0.48
2017-08-28,4.94,5.0,5.06,4.94,14230,42780213.0,2.44,1.83,0.09,1.11
2017-08-29,5.02,4.96,5.04,4.91,10748,31934485.0,2.6,-0.8,-0.04,0.84
2017-08-30,4.91,4.92,5.0,4.91,8374,24802680.0,1.81,-0.81,-0.04,0.66
2017-08-31,4.97,4.94,4.97,4.91,8399,24846425.0,1.22,0.41,0.02,0.66
2017-09-01,4.95,5.07,5.12,4.92,21582,64958078.0,4.05,2.63,0.13,1.69
2017-09-04,5.06,5.16,5.28,5.05,27256,84456146.0,4.54,1.78,0.09,2.13
2017-09-05,5.18,5.13,5.22,5.06,15732,48180301.0,3.1,-0.58,-0.03,1.23
2017-09-06,5.05,5.28,5.31,5.05,27555,85766748.0,5.07,2.92,0.15,2.16
2017-09-07,5.25,5.4,5.52,5.25,57287,184505595.0,5.11,2.27,0.12,4.48
2017-09-08,5.37,5.35,5.4,5.27,28257,90157601.0,2.41,-0.93,-0.05,2.21
2017-09-11,5.39,5.28,5.39,5.24,21193,67054378.0,2.8,-1.31,-0.07,1.66
2017-09-12,5.28,5.21,5.31,5.18,18495,57865726.0,2.46,-1.33,-0.07,1.45
2017-09-13,5.21,5.18,5.25,5.13,11871,36711425.0,2.3,-0.58,-0.03,0.93
2017-09-14,5.17,5.13,5.21,5.09,13122,40322236.0,2.32,-0.97,-0.05,1.03
2017-09-15,5.14,5.02,5.16,5.0,15912,48174184.0,3.12,-2.14,-0.11,1.25
2017-09-18,5.02,5.07,5.09,4.99,11060,33380379.0,1.99,1.0,0.05,0.87
2017-09-19,5.09,4.97,5.1,4.96,12945,38901221.0,2.76,-1.97,-0.1,1.01
2017-09-20,4.97,4.99,5.02,4.96,14422,43109554.0,1.21,0.4,0.02,1.13
2017-09-21,5.02,4.92,5.09,4.91,18490,55425342.0,3.61,-1.4,-0.07,1.45
2017-09-22,4.87,4.86,4.91,4.79,13801,40029923.0,2.44,-1.22,-0.06,1.08
2017-09-25,4.84,4.86,4.9,4.82,9064,26404862.0,1.65,0.0,0.0,0.71
2017-09-26,4.82,4.79,4.87,4.74,12027,34495857.0,2.67,-1.44,-0.07,0.94
2017-10-09,4.85,4.95,5.0,4.85,17072,50473584.0,3.13,3.34,0.16,1.34
2017-10-10,4.92,5.09,5.09,4.92,21983,66247001.0,3.43,2.83,0.14,1.72
2017-10-11,5.26,5.05,5.33,5.02,32880,101658459.0,6.09,-0.79,-0.04,2.57
2017-10-12,5.0,4.96,5.02,4.92,14905,44385829.0,1.98,-1.78,-0.09,1.17
2017-10-13,4.98,4.99,5.03,4.94,18920,56525685.0,1.81,0.6,0.03,1.48
2017-10-16,5.01,4.72,5.01,4.7,30285,87517791.0,6.21,-5.41,-0.27,2.37
2017-10-17,4.72,4.73,4.75,4.7,12903,36547226.0,1.06,0.21,0.01,1.01
2017-10-18,4.77,4.65,4.77,4.65,9737,27452284.0,2.54,-1.69,-0.08,0.76
2017-10-19,4.65,4.78,4.96,4.64,27700,79701105.0,6.88,2.8,0.13,2.17
2017-10-20,4.71,4.77,4.78,4.7,9588,27236077.0,1.67,-0.21,-0.01,0.75
2017-10-23,4.77,4.74,4.8,4.73,10216,29078108.0,1.47,-0.63,-0.03,0.8
2017-10-24,4.74,4.69,4.79,4.66,9448,26697465.0,2.74,-1.05,-0.05,0.74
2017-10-25,4.69,4.74,4.77,4.69,8301,23600676.0,1.71,1.07,0.05,0.65
2017-10-26,4.75,4.76,4.78,4.7,10882,30937979.0,1.69,0.42,0.02,0.85
2017-10-27,4.77,4.72,4.79,4.7,7733,21978376.0,1.89,-0.84,-0.04,0.61
2017-10-30,4.75,4.52,4.75,4.5,15284,41766768.0,5.3,-4.24,-0.2,1.2
2017-10-31,4.52,4.53,4.55,4.5,8345,22683031.0,1.11,0.22,0.01,0.65
2017-11-01,4.54,4.53,4.56,4.5,8742,23830556.0,1.32,0.0,0.0,0.68
2017-11-02,4.51,4.5,4.54,4.5,7760,21053104.0,0.88,-0.66,-0.03,0.61
2017-11-03,4.48,4.48,4.53,4.41,8631,23157403.0,2.67,-0.44,-0.02,0.68
2017-11-06,4.48,4.61,4.72,4.43,14773,40474524.0,6.47,2.9,0.13,1.16
2017-11-07,4.67,4.72,4.83,4.65,28357,80648255.0,3.9,2.39,0.11,2.22
2017-11-08,4.67,4.63,4.7,4.62,18692,52101013.0,1.69,-1.91,-0.09,1.46
2017-11-09,4.61,4.64,4.66,4.59,10468,29070426.0,1.51,0.22,0.01,0.82
2017-11-10,4.65,4.57,4.67,4.51,11000,30286164.0,3.45,-1.51,-0.07,0.86
2017-11-13,4.56,4.6,4.62,4.54,11371,31314134.0,1.75,0.66,0.03,0.89
2017-11-14,4.6,4.52,4.63,4.48,13161,36065639.0,3.26,-1.74,-0.08,1.03
2017-11-15,4.5,4.52,4.55,4.46,9747,26389491.0,1.99,0.0,0.0,0.76
2017-11-16,4.5,4.48,4.52,4.46,8816,23772584.0,1.33,-0.88,-0.04,0.69
2017-11-17,4.5,4.27,4.5,4.2,20233,52375135.0,6.7,-4.69,-0.21,1.58
2017-11-20,4.31,4.28,4.31,4.17,8815,22440106.0,3.28,0.23,0.01,0.69
2017-11-21,4.28,4.28,4.31,4.21,7417,19000529.0,2.34,0.0,0.0,0.58
2017-11-22,4.27,4.23,4.29,4.22,7323,18735653.0,1.64,-1.17,-0.05,0.57
2017-11-23,4.24,4.16,4.24,4.15,8655,21842784.0,2.13,-1.65,-0.07,0.68
2017-11-24,4.16,4.18,4.24,4.12,8294,20971787.0,2.88,0.48,0.02,0.65
2017-11-27,4.23,4.01,4.23,4.0,9047,22351407.0,5.5,-4.07,-0.17,0.71
2017-11-28,4.0,4.04,4.08,3.99,8669,21043955.0,2.24,0.75,0.03,0.68
2017-11-29,4.05,3.96,4.05,3.91,9635,23020228.0,3.47,-1.98,-0.08,0.75
2017-11-30,3.99,4.04,4.24,3.97,20698,51111935.0,6.82,2.02,0.08,1.62
2017-12-01,3.99,4.07,4.12,3.99,11374,27875849.0,3.22,0.74,0.03,0.89
2017-12-04,4.09,3.99,4.09,3.98,7511,18153608.0,2.7,-1.97,-0.08,0.59
2017-12-05,3.99,3.82,3.99,3.81,10664,24944902.0,4.51,-4.26,-0.17,0.83
2017-12-06,3.81,3.87,3.88,3.77,7812,18071328.0,2.88,1.31,0.05,0.61
2017-12-07,3.87,3.85,3.87,3.81,4955,11479171.0,1.55,-0.52,-0.02,0.39
2017-12-08,3.84,3.92,3.94,3.84,8889,20936629.0,2.6,1.82,0.07,0.7
2017-12-11,4.07,4.11,4.14,4.04,21985,54255224.0,2.55,4.85,0.19,1.72
2017-12-12,4.08,3.97,4.08,3.97,15328,37048942.0,2.68,-3.41,-0.14,1.2
2017-12-13,3.99,4.01,4.03,3.97,8081,19492076.0,1.51,1.01,0.04,0.63
2017-12-14,4.03,3.98,4.03,3.95,8392,20197596.0,2.0,-0.75,-0.03,0.66
2017-12-15,3.98,3.94,4.01,3.91,6559,15632739.0,2.51,-1.01,-0.04,0.51
2017-12-18,3.93,3.94,3.99,3.9,9179,21839008.0,2.28,0.0,0.0,0.72
2017-12-19,3.93,3.91,3.98,3.89,18235,43253267.0,2.28,-0.76,-0.03,1.43
2017-12-20,3.91,3.71,3.91,3.68,24945,56454095.0,5.88,-5.12,-0.2,1.95
2017-12-21,3.68,3.64,3.71,3.58,14240,31358157.0,3.5,-1.89,-0.07,1.11
2017-12-22,3.64,3.55,3.66,3.55,16091,34983689.0,3.02,-2.47,-0.09,1.26
2017-12-25,3.57,3.38,3.58,3.37,18410,38516719.0,5.92,-4.79,-0.17,1.44
2017-12-26,3.38,3.45,3.47,3.37,14570,30330514.0,2.96,2.07,0.07,1.14
2017-12-27,3.47,3.47,3.5,3.4,13460,28145376.0,2.9,0.58,0.02,1.05
2017-12-28,3.44,3.5,3.57,3.39,19605,41735175.0,5.19,0.86,0.03,1.52
2017-12-29,3.53,3.58,3.59,3.44,12782,27287514.0,4.29,2.29,0.08,0.99
2018-01-02,3.84,3.94,3.94,3.84,23272,55196951.0,2.79,10.06,0.36,1.8
2018-01-03,3.95,3.97,4.13,3.95,67690,164416755.0,4.57,0.76,0.03,5.25
2018-01-04,4.06,3.91,4.06,3.87,35156,83082614.0,4.79,-1.51,-0.06,2.72
2018-01-05,3.89,3.91,3.97,3.89,20309,48106090.0,2.05,0.0,0.0,1.57
2018-01-08,3.92,3.91,3.94,3.86,17580,41304468.0,2.05,0.0,0.0,1.36
2018-01-09,3.94,3.91,3.95,3.87,12162,28593794.0,2.05,0.0,0.0,0.94
2018-01-10,3.91,4.02,4.05,3.86,24292,57864910.0,4.86,2.81,0.11,1.88
2018-01-11,4.03,4.26,4.41,4.0,58750,148382593.0,10.2,5.97,0.24,4.55
2018-01-12,4.2,4.26,4.32,4.2,25830,65971817.0,2.82,0.0,0.0,2.0
2018-01-15,4.27,3.97,4.28,3.95,28706,70787616.0,7.75,-6.81,-0.29,2.22
2018-01-16,3.93,4.08,4.1,3.93,19858,48472136.0,4.28,2.77,0.11,1.54
2018-01-17,4.08,4.02,4.08,3.96,16684,40303823.0,2.94,-1.47,-0.06,1.29
2018-01-18,4.01,4.06,4.1,3.95,20694,50032488.0,3.73,1.0,0.04,1.6
2018-01-19,4.05,4.19,4.23,4.02,22524,56602735.0,5.17,3.2,0.13,1.75
2018-01-22,4.23,4.35,4.4,4.19,38757,100673650.0,5.01,3.82,0.16,3.0
2018-01-23,4.33,4.33,4.38,4.27,21498,55815117.0,2.53,-0.46,-0.02,1.67
2018-01-24,4.31,4.32,4.35,4.22,22602,58195351.0,3.0,-0.23,-0.01,1.75
2018-01-25,4.28,4.24,4.37,4.24,20545,52982656.0,3.01,-1.85,-0.08,1.59
2018-01-26,4.2,4.36,4.41,4.18,27268,70825597.0,5.42,2.83,0.12,2.11
2018-01-29,4.32,4.25,4.37,4.23,19845,51155774.0,3.21,-2.52,-0.11,1.54
2018-01-30,4.27,4.15,4.27,4.15,17851,44831618.0,2.82,-2.35,-0.1,1.38
2018-01-31,4.07,3.92,4.07,3.81,32081,76087040.0,6.27,-5.54,-0.23,2.49
2018-02-01,3.92,3.81,4.01,3.78,24609,57596318.0,5.87,-2.81,-0.11,1.91
2018-02-02,3.83,3.66,3.83,3.56,34938,77460272.0,7.09,-3.94,-0.15,2.71
2018-02-05,3.67,3.79,3.84,3.61,24152,55072827.0,6.28,3.55,0.13,1.87
2018-02-06,4.07,4.19,4.19,4.05,102052,255983139.0,3.69,10.55,0.4,7.91
2018-02-07,4.41,4.32,4.58,4.07,226529,585306736.0,12.17,3.1,0.13,17.55
2018-02-08,4.22,4.65,4.77,4.2,189540,515738736.0,13.19,7.64,0.33,14.69
2018-02-09,4.43,4.48,4.72,4.43,157053,432530768.0,6.24,-3.66,-0.17,12.17
2018-02-12,4.6,4.94,4.94,4.54,122032,348444288.0,8.93,10.27,0.46,9.46
2018-02-13,5.14,4.81,5.14,4.8,157576,468735408.0,6.88,-2.63,-0.13,12.21
2018-02-14,4.8,5.01,5.07,4.75,127275,374493872.0,6.65,4.16,0.2,9.86
2018-02-22,5.01,5.39,5.46,4.93,151439,467320848.0,10.58,7.58,0.38,11.73
2018-02-23,5.27,5.35,5.38,5.21,115115,364999568.0,3.15,-0.74,-0.04,8.92
2018-02-26,5.39,5.37,5.52,5.3,159811,515728912.0,4.11,0.37,0.02,12.38
2018-02-27,5.34,5.32,5.57,5.28,154085,497358048.0,5.4,-0.93,-0.05,11.94
2018-02-28,5.13,5.03,5.2,4.89,151068,457868736.0,5.83,-5.45,-0.29,11.71
2018-03-01,5.07,5.15,5.23,5.05,131050,402546848.0,3.58,2.39,0.12,10.15
2018-03-02,5.05,5.01,5.23,4.97,108099,329917408.0,5.05,-2.72,-0.14,8.38
2018-03-05,5.05,5.42,5.47,5.04,161958,510834112.0,8.58,8.18,0.41,12.55
2018-03-06,5.35,5.42,5.62,5.31,156998,510739376.0,5.72,0.0,0.0,12.17
2018-03-07,5.42,5.67,5.95,5.37,159197,540346304.0,10.7,4.61,0.25,12.29
2018-03-08,5.62,5.71,5.74,5.52,114429,384472768.0,3.88,0.71,0.04,8.84
2018-03-09,5.67,5.76,5.86,5.63,121469,416631856.0,4.03,0.88,0.05,9.38
2018-03-12,5.79,5.74,5.99,5.71,121977,423171584.0,4.86,-0.35,-0.02,9.42
2018-03-13,5.68,5.59,5.84,5.57,96962,331202400.0,4.7,-2.61,-0.15,7.49
2018-03-14,5.59,5.44,5.65,5.44,85988,285133136.0,3.76,-2.68,-0.15,6.64
2018-03-15,5.39,5.52,5.56,5.3,88777,288152800.0,4.78,1.47,0.08,6.86
2018-03-16,5.48,5.43,5.57,5.42,55504,182234440.0,2.72,-1.63,-0.09,4.29
2018-03-19,5.45,5.48,5.63,5.32,81887,269846896.0,5.71,0.92,0.05,6.32
2018-03-20,5.35,5.26,5.4,5.1,103030,323526528.0,5.47,-4.01,-0.22,7.96
2018-03-21,5.28,5.13,5.35,5.11,98933,310810176.0,4.56,-2.47,-0.13,7.64
2018-03-22,5.11,5.14,5.27,5.09,77359,239476436.0,3.51,0.19,0.01,5.97
2018-03-23,4.92,4.66,4.99,4.61,114433,331763248.0,7.39,-9.34,-0.48,8.84
2018-03-26,4.68,4.94,4.94,4.66,82616,238948009.0,6.01,6.01,0.28,6.38
2018-03-27,5.05,5.14,5.28,5.03,110654,340441248.0,5.06,4.05,0.2,8.55
2018-03-28,5.06,5.29,5.5,5.01,107877,342959104.0,9.53,2.92,0.15,8.33
2018-03-29,5.24,5.33,5.46,5.24,75426,240681484.0,4.16,0.76,0.04,5.82
2018-03-30,5.43,5.6,5.65,5.34,113269,373282608.0,5.82,5.07,0.27,8.74
2018-04-02,5.61,5.69,5.82,5.53,126403,428713376.0,5.18,1.61,0.09,9.76
2018-04-03,5.53,5.69,5.79,5.52,92632,311932720.0,4.75,0.0,0.0,7.15
2018-04-04,5.73,5.41,5.74,5.37,89819,295895024.0,6.5,-4.92,-0.28,6.93
2018-04-09,5.44,5.65,5.71,5.35,96519,320330688.0,6.65,4.44,0.24,7.45
2018-04-10,5.61,5.43,5.64,5.35,81836,268213978.0,5.13,-3.89,-0.22,6.32
2018-04-11,5.48,5.81,5.98,5.45,190984,664518368.0,9.76,7.0,0.38,14.74
2018-04-12,5.76,5.85,5.96,5.68,168928,588279744.0,4.82,0.69,0.04,13.04
2018-04-13,6.2,5.68,6.29,5.67,159563,570126240.0,10.6,-2.91,-0.17,12.31
2018-04-16,5.52,6.05,6.07,5.52,152302,533668752.0,9.68,6.51,0.37,11.75
2018-04-17,6.05,5.71,6.2,5.7,130538,461121520.0,8.26,-5.62,-0.34,10.07
2018-04-18,5.79,6.04,6.12,5.57,134256,468419472.0,9.63,5.78,0.33,10.36
2018-04-19,5.97,6.14,6.42,5.95,154808,571710432.0,7.78,1.66,0.1,11.95
2018-04-20,6.05,6.06,6.28,5.87,111416,404078224.0,6.68,-1.3,-0.08,8.6
2018-04-23,6.03,5.61,6.09,5.44,132952,453387072.0,10.73,-7.43,-0.45,10.26
2018-04-24,5.61,6.18,6.18,5.52,161199,573924608.0,11.76,10.16,0.57,12.44
2018-04-25,6.24,6.45,6.46,6.13,181991,684113040.0,5.34,4.37,0.27,14.05
2018-04-26,6.3,6.13,6.35,6.09,125427,465580976.0,4.03,-4.96,-0.32,9.68
2018-04-27,6.17,5.97,6.19,5.81,123673,441541744.0,6.2,-2.61,-0.16,9.54
2018-05-02,5.95,5.82,6.03,5.68,90691,316720912.0,5.86,-2.51,-0.15,7.0
2018-05-03,5.78,5.98,6.02,5.59,96716,334861072.0,7.39,2.75,0.16,7.46
2018-05-04,5.9,5.77,5.91,5.73,75082,260181114.0,3.01,-3.51,-0.21,5.79
2018-05-07,5.78,6.02,6.07,5.74,95925,340203296.0,5.72,4.33,0.25,7.4
2018-05-08,6.0,5.96,6.02,5.82,73708,260653747.0,3.32,-1.0,-0.06,5.69
2018-05-09,5.9,5.9,6.01,5.86,59016,209012766.0,2.52,-1.01,-0.06,4.55
2018-05-10,5.93,5.81,5.93,5.74,64156,223184803.0,3.22,-1.53,-0.09,4.95
2018-05-11,5.84,5.64,5.84,5.62,55850,189906789.0,3.79,-2.93,-0.17,4.31
2018-05-14,5.58,5.57,5.75,5.49,57725,193539957.0,4.61,-1.24,-0.07,4.46
2018-05-15,5.61,5.79,5.8,5.61,69521,236663204.0,3.41,3.95,0.22,5.37
2018-05-16,5.72,5.77,5.89,5.72,59513,206595966.0,2.94,-0.35,-0.02,4.59
2018-05-17,5.76,5.64,5.82,5.62,45063,153215704.0,3.47,-2.25,-0.13,3.48
2018-05-18,5.61,5.44,5.64,5.31,86210,281433008.0,5.85,-3.55,-0.2,6.65
2018-05-21,5.47,5.59,5.69,5.4,68416,227751670.0,5.33,2.76,0.15,5.27
2018-05-22,5.63,5.67,5.79,5.61,75474,256674340.0,3.22,1.43,0.08,4.53
2018-05-23,5.66,5.69,5.79,5.56,64966,221884590.0,4.06,0.35,0.02,3.9
2018-05-24,5.69,5.68,5.79,5.66,53566,183333613.0,2.28,-0.18,-0.01,3.22
2018-05-25,5.6,5.36,5.64,5.35,74691,244069157.0,5.11,-5.63,-0.32,4.49
2018-05-28,5.36,5.23,5.41,5.2,54999,174258437.0,3.92,-2.43,-0.13,3.3
2018-05-29,5.24,5.11,5.38,5.03,121276,188751479.0,6.69,-2.29,-0.12,3.64
2018-05-30,4.99,5.04,5.25,4.9,136652,208763178.0,6.85,-1.37,-0.07,4.1
2018-05-31,5.11,5.0,5.15,4.84,107440,160025948.0,6.15,-0.79,-0.04,3.23
2018-06-01,4.96,4.62,4.98,4.54,143063,202367110.0,8.8,-7.6,-0.38,4.3
2018-06-04,4.66,4.56,4.71,4.4,129374,176139919.0,6.71,-1.3,-0.06,3.89
2018-06-05,4.59,4.93,4.96,4.58,167031,238758879.0,8.33,8.11,0.37,5.02
2018-06-06,4.87,5.01,5.06,4.83,158521,235456096.0,4.67,1.62,0.08,4.76
2018-06-07,5.0,4.88,5.04,4.88,84261,124300683.0,3.19,-2.59,-0.13,2.53
2018-06-08,4.88,5.01,5.02,4.84,95103,140709838.0,3.69,2.66,0.13,2.86
2018-06-11,4.95,5.01,5.17,4.91,128697,194029650.0,5.19,0.0,0.0,3.87
2018-06-12,4.99,4.95,5.04,4.77,85441,125343070.0,5.39,-1.2,-0.06,2.57
2018-06-13,4.94,4.85,5.08,4.84,72985,107631875.0,4.85,-2.02,-0.1,2.19
2018-06-14,5.28,4.97,5.28,4.97,205758,313668448.0,6.39,2.47,0.12,6.18
2018-06-15,4.98,4.76,5.1,4.68,129146,187499742.0,8.45,-4.23,-0.21,3.88
2018-06-19,4.51,4.28,4.63,4.27,124445,164598355.0,7.56,-10.08,-0.48,3.74
2018-06-20,4.28,4.45,4.48,4.21,100046,130889721.0,6.31,3.97,0.17,3.01
2018-06-21,4.41,4.28,4.45,4.24,87128,113134178.0,4.72,-3.82,-0.17,2.62
2018-06-22,4.25,4.46,4.49,4.19,101827,134024015.0,7.01,4.21,0.18,3.06
2018-06-25,4.49,4.42,4.57,4.41,81986,110305921.0,3.59,-0.9,-0.04,2.46
2018-06-26,4.3,4.68,4.74,4.28,112009,153136024.0,10.41,5.88,0.26,3.36
2018-06-27,4.68,4.92,5.07,4.6,165305,238524504.0,10.04,5.13,0.24,4.97
2018-06-28,4.86,4.84,4.99,4.83,92165,135101140.0,3.25,-1.63,-0.08,2.77
2018-06-29,4.85,5.23,5.26,4.76,207730,314577952.0,10.33,8.06,0.39,6.24
2018-07-02,5.19,5.21,5.35,5.09,138801,216157305.0,4.97,-0.38,-0.02,4.17
2018-07-03,5.17,5.74,5.74,5.14,248142,405980032.0,11.52,10.17,0.53,7.45
2018-07-04,5.61,5.51,5.76,5.45,194723,325255984.0,5.4,-4.01,-0.23,5.85
2018-07-05,5.48,5.48,5.76,5.3,181162,300330640.0,8.35,-0.54,-0.03,5.44
2018-07-06,5.52,5.51,5.78,5.4,225515,377505552.0,6.93,0.55,0.03,6.77
2018-07-09,5.44,5.59,5.66,5.4,175072,288364656.0,4.72,1.45,0.08,5.26
2018-07-10,5.55,5.32,5.55,5.14,284038,448744688.0,7.33,-4.83,-0.27,8.53
2018-07-11,5.17,5.19,5.26,5.02,147173,225974366.0,4.51,-2.44,-0.13,4.42
2018-07-12,5.16,5.41,5.5,5.16,189262,302270704.0,6.55,4.24,0.22,5.69
2018-07-13,5.37,5.32,5.46,5.25,127340,202916723.0,3.88,-1.66,-0.09,3.83
2018-07-16,5.37,5.47,5.53,5.22,174211,280410608.0,5.83,2.82,0.15,5.23
2018-07-17,5.42,5.47,5.49,5.3,115030,185276283.0,3.47,0.0,0.0,3.46
2018-07-18,5.47,5.33,5.53,5.33,123603,200718948.0,3.66,-2.56,-0.14,3.71
2018-07-19,5.33,5.25,5.38,5.15,108050,169553896.0,4.32,-1.5,-0.08,3.25
2018-07-20,5.21,5.51,5.52,5.2,198950,320515024.0,6.1,4.95,0.26,5.98
2018-07-23,5.52,5.56,5.63,5.45,192009,316419088.0,3.27,0.91,0.05,5.77
2018-07-24,5.53,5.61,5.65,5.43,167845,277917312.0,3.96,0.9,0.05,5.04
2018-07-25,5.61,5.49,5.72,5.47,173675,288858112.0,4.46,-2.14,-0.12,5.22
2018-07-26,5.44,5.18,5.46,5.17,169402,266328074.0,5.28,-5.65,-0.31,5.09
2018-07-27,5.13,5.01,5.19,5.0,106851,161655981.0,3.67,-3.28,-0.17,3.21
2018-07-30,4.99,4.9,5.06,4.86,76223,112612294.0,3.99,-2.2,-0.11,2.29
2018-07-31,4.89,4.85,4.97,4.8,57062,83330674.0,3.47,-1.02,-0.05,1.71
2018-08-01,4.89,4.83,5.02,4.82,86542,127355846.0,4.12,-0.41,-0.02,2.6
2018-08-02,4.8,4.68,4.8,4.55,98748,137811212.0,5.18,-3.11,-0.15,2.97
2018-08-03,4.71,4.68,4.83,4.66,87460,123734922.0,3.63,0.0,0.0,2.63
2018-08-06,4.67,4.77,4.8,4.64,104789,148643494.0,3.42,1.92,0.09,3.15
2018-08-07,4.8,5.25,5.25,4.79,233643,355469808.0,9.64,10.06,0.48,7.02
2018-08-08,5.25,5.08,5.32,5.04,191591,296320208.0,5.33,-3.24,-0.17,5.76
2018-08-09,5.07,5.38,5.55,5.05,251997,400590208.0,9.84,5.91,0.3,7.57
2018-08-10,5.33,5.54,5.55,5.3,244182,396241648.0,4.65,2.97,0.16,7.33
2018-08-13,5.4,5.71,5.82,5.38,265298,444033312.0,7.94,3.07,0.17,7.97
2018-08-14,5.64,5.53,5.7,5.45,185173,306333248.0,4.38,-3.15,-0.18,5.56
2018-08-15,5.56,5.57,5.78,5.48,220811,370021216.0,5.42,0.72,0.04,6.63
2018-08-16,5.37,5.56,5.73,5.31,202274,334284448.0,7.54,-0.18,-0.01,6.08
2018-08-17,5.66,5.33,5.69,5.29,162318,265040643.0,7.19,-4.14,-0.23,4.88
2018-08-20,5.42,5.73,5.88,5.34,257196,429971456.0,10.13,7.5,0.4,7.73
2018-08-21,5.67,5.81,5.89,5.64,270707,465614720.0,4.36,1.4,0.08,8.13
2018-08-22,5.75,5.67,5.83,5.58,174761,295880944.0,4.3,-2.41,-0.14,5.25
2018-08-23,5.64,5.71,5.87,5.61,192217,330058208.0,4.59,0.71,0.04,5.77
2018-08-24,5.66,5.52,5.67,5.47,168475,279014224.0,3.5,-3.33,-0.19,5.06
2018-08-27,5.54,5.83,5.88,5.49,229269,390094480.0,7.07,5.62,0.31,6.89
2018-08-28,5.78,5.85,5.92,5.75,167663,290634288.0,2.92,0.34,0.02,5.04
2018-08-29,5.8,5.82,5.88,5.67,111462,191348956.0,3.59,-0.51,-0.03,3.35
2018-08-30,5.83,5.63,5.84,5.6,125262,211793017.0,4.12,-3.26,-0.19,3.76
2018-08-31,5.57,5.55,5.7,5.54,83906,140725494.0,2.84,-1.42,-0.08,2.52
2018-09-03,5.53,5.69,5.7,5.31,129814,212328097.0,7.03,2.52,0.14,3.9
2018-09-04,5.62,6.27,6.27,5.62,400853,716641312.0,11.42,10.19,0.58,12.04
2018-09-05,6.27,6.24,6.42,6.18,384846,720495488.0,3.83,-0.48,-0.03,11.56
2018-09-06,6.27,6.32,6.42,6.17,271722,509040528.0,4.01,1.28,0.08,8.16
2018-09-07,6.25,5.98,6.41,5.89,308631,563113936.0,8.23,-5.38,-0.34,9.27
2018-09-10,5.95,5.8,6.03,5.66,217372,378359936.0,6.19,-3.01,-0.18,6.53
2018-09-11,5.79,5.82,5.94,5.76,128437,223475307.0,3.1,0.34,0.02,3.86
2018-09-12,5.82,5.69,5.91,5.66,140840,242061550.0,4.3,-2.23,-0.13,4.23
2018-09-13,5.77,5.95,5.97,5.59,175916,303618752.0,6.68,4.57,0.26,5.28
2018-09-14,5.91,5.73,5.94,5.7,146578,253545623.0,4.03,-3.7,-0.22,4.4
2018-09-17,5.59,5.73,5.82,5.48,95384,160897317.0,5.93,0.0,0.0,2.87
2018-09-18,5.7,5.92,5.94,5.65,121076,209847607.0,5.06,3.32,0.19,3.64
2018-09-19,5.85,6.18,6.42,5.85,261430,479289168.0,9.63,4.39,0.26,7.85
2018-09-20,6.14,6.12,6.2,6.07,108805,198214741.0,2.1,-0.97,-0.06,3.27
2018-09-21,6.17,6.19,6.24,6.08,132928,243714610.0,2.61,1.14,0.07,3.99
2018-09-25,6.13,6.22,6.38,6.12,121119,226134940.0,4.2,0.48,0.03,3.64
2018-09-26,6.18,6.11,6.23,5.99,158168,285497856.0,3.86,-1.77,-0.11,4.75
2018-09-27,6.07,6.0,6.15,5.97,97235,174791248.0,2.95,-1.8,-0.11,2.92
2018-09-28,6.03,5.9,6.06,5.71,125782,219124281.0,5.83,-1.67,-0.1,3.78
2018-10-08,5.68,5.62,5.8,5.58,97245,164582768.0,3.73,-4.75,-0.28,2.92
2018-10-09,5.65,5.49,5.75,5.37,99297,163514286.0,6.76,-2.31,-0.13,2.98
2018-10-10,5.56,5.66,5.76,5.49,119882,201756478.0,4.92,3.1,0.17,3.6
2018-10-11,5.45,5.44,5.77,5.28,150947,248385503.0,8.66,-3.89,-0.22,4.53
2018-10-12,5.43,5.69,5.75,5.41,127912,213270363.0,6.25,4.6,0.25,3.84
2018-10-15,5.74,5.68,5.85,5.62,126386,216154270.0,4.04,-0.18,-0.01,3.8
2018-10-16,5.65,5.71,5.84,5.55,119388,202732891.0,5.11,0.53,0.03,3.59
2018-10-17,5.78,6.05,6.18,5.67,198059,349436480.0,8.93,5.95,0.34,5.95
2018-10-18,6.01,6.06,6.2,5.92,185614,335519248.0,4.63,0.17,0.01,5.58
2018-10-19,5.89,6.56,6.67,5.85,339278,646187600.0,13.53,8.25,0.5,10.19
2018-10-22,6.7,6.73,7.02,6.5,397133,789974512.0,7.93,2.59,0.17,11.93
2018-10-23,6.6,6.77,6.85,6.56,241886,482562480.0,4.31,0.59,0.04,7.27
2018-10-24,6.65,6.55,6.77,6.39,217217,422719536.0,5.61,-3.25,-0.22,6.52
2018-10-25,6.27,6.72,6.76,6.19,234586,448588592.0,8.7,2.6,0.17,7.05
2018-10-26,6.68,6.62,6.76,6.45,185886,366005120.0,4.61,-1.49,-0.1,5.58
2018-10-29,6.57,6.21,6.57,6.21,156399,296029248.0,5.44,-6.19,-0.41,4.7
2018-10-30,6.23,6.18,6.38,5.92,210731,384649024.0,7.41,-0.48,-0.03,6.33
2018-10-31,6.15,6.2,6.35,6.01,167871,309333520.0,5.5,0.32,0.02,5.04
2018-11-01,6.31,6.37,6.58,6.19,222915,423167856.0,6.29,2.74,0.17,6.7
2018-11-02,6.56,6.48,6.56,6.29,214254,408982704.0,4.24,1.73,0.11,6.44
2018-11-05,6.4,6.83,6.86,6.36,282705,556660640.0,7.72,5.4,0.35,8.49
2018-11-06,6.73,6.87,6.9,6.57,185939,370826864.0,4.83,0.59,0.04,5.59
2018-11-07,6.81,6.59,6.96,6.59,213479,428265392.0,5.39,-4.08,-0.28,6.41
2018-11-08,6.59,6.46,6.65,6.43,140912,273494208.0,3.34,-1.97,-0.13,4.23
2018-11-09,6.43,6.69,6.88,6.41,228252,455521264.0,7.28,3.56,0.23,6.86
2018-11-12,6.65,7.03,7.11,6.61,259788,532546448.0,7.47,5.08,0.34,7.8
2018-11-13,6.88,6.94,7.14,6.87,221840,460120960.0,3.84,-1.28,-0.09,6.66
2018-11-14,6.79,6.73,6.92,6.7,162588,327765264.0,3.17,-3.03,-0.21,4.88
2018-11-15,6.73,6.97,6.97,6.63,174466,353716496.0,5.05,3.57,0.24,5.24
2018-11-16,6.87,6.76,6.95,6.7,183596,371639408.0,3.59,-3.01,-0.21,5.34
2018-11-19,6.66,6.54,6.71,6.47,162121,315770256.0,3.55,-3.25,-0.22,4.71
2018-11-20,6.48,6.54,6.66,6.41,127276,248254215.0,3.82,0.0,0.0,3.7
2018-11-21,6.16,5.88,6.22,5.88,314650,559459216.0,5.2,-10.09,-0.66,9.15
2018-11-22,5.85,6.0,6.16,5.85,182830,328233472.0,5.27,2.04,0.12,5.32
2018-11-23,5.98,5.89,6.07,5.87,115229,204461857.0,3.33,-1.83,-0.11,3.35
2018-11-26,5.89,5.8,5.97,5.72,104955,182549568.0,4.24,-1.53,-0.09,3.05
2018-11-27,5.88,5.95,6.01,5.86,93609,165618343.0,2.59,2.59,0.15,2.72
2018-11-28,5.97,6.02,6.04,5.83,93712,166029560.0,3.53,1.18,0.07,2.72
2018-11-29,6.07,5.82,6.1,5.78,74516,131428546.0,5.32,-3.32,-0.2,2.17
2018-11-30,5.74,5.79,5.86,5.54,91742,156157139.0,5.5,-0.52,-0.03,2.67
2018-12-03,5.98,5.95,6.04,5.88,100622,178785603.0,2.76,2.76,0.16,2.93
2018-12-04,5.93,5.99,6.01,5.9,60886,107761157.0,1.85,0.67,0.04,1.77
2018-12-05,5.88,5.9,6.0,5.79,63133,110869727.0,3.51,-1.5,-0.09,1.84
2018-12-06,5.88,5.53,5.88,5.53,115075,194139089.0,5.93,-6.27,-0.37,3.35
2018-12-07,5.54,5.67,5.71,5.42,134527,222575334.0,5.24,2.53,0.14,3.91
2018-12-10,5.64,6.02,6.05,5.64,174800,309772144.0,7.23,6.17,0.35,5.08
2018-12-11,5.97,6.09,6.1,5.97,100335,180349416.0,2.16,1.16,0.07,2.92
2018-12-12,6.11,5.99,6.11,5.95,59911,107354025.0,2.63,-1.64,-0.1,1.74
2018-12-13,6.0,6.11,6.18,5.99,86389,156749931.0,3.17,2.0,0.12,2.51
2018-12-14,6.1,5.97,6.13,5.92,49481,88481898.0,3.44,-2.29,-0.14,1.44
2018-12-17,5.93,5.98,6.03,5.89,50663,89915126.0,2.35,0.17,0.01,1.47
2018-12-18,5.9,6.14,6.18,5.9,106828,193950010.0,4.68,2.68,0.16,3.11
2018-12-19,6.14,5.94,6.14,5.93,65208,116282667.0,3.42,-3.26,-0.2,1.9
2018-12-20,5.93,5.82,5.99,5.75,83255,144894380.0,4.04,-2.02,-0.12,2.42
2018-12-21,5.89,6.21,6.31,5.89,196652,358755536.0,7.22,6.7,0.39,5.72
2018-12-24,6.15,6.33,6.41,6.12,146582,272963600.0,4.67,1.93,0.12,4.26
2018-12-25,6.29,6.39,6.45,6.22,137445,259179255.0,3.63,0.95,0.06,4.0
2018-12-26,6.48,6.41,6.65,6.39,141195,273002848.0,4.07,0.31,0.02,4.1
2018-12-27,6.5,6.37,6.62,6.35,109404,211173057.0,4.21,-0.62,-0.04,3.18
2018-12-28,6.43,6.44,6.51,6.27,106186,202386347.0,3.77,1.1,0.07,3.09
2019-01-02,6.45,6.43,6.6,6.27,90119,172750220.0,5.12,-0.16,-0.01,2.62
2019-01-03,6.41,6.36,6.55,6.31,80993,154729643.0,3.73,-1.09,-0.07,2.35
2019-01-04,6.3,6.6,6.63,6.27,108476,209549850.0,5.66,3.77,0.24,3.13
2019-01-07,6.63,6.6,6.72,6.5,138740,271335504.0,3.33,0.0,0.0,4.0
2019-01-08,6.56,6.45,6.56,6.34,77222,148182498.0,3.33,-2.27,-0.15,2.23
2019-01-09,6.43,6.38,6.58,6.37,78255,150769421.0,3.26,-1.09,-0.07,2.26
2019-01-10,6.39,5.97,6.39,5.94,187069,339656032.0,7.05,-6.43,-0.41,5.4
2019-01-11,5.97,6.12,6.14,5.73,180162,318133312.0,6.87,2.51,0.15,5.2
2019-01-14,6.07,5.94,6.12,5.92,82024,146230412.0,3.27,-2.94,-0.18,2.37
2019-01-15,5.93,6.02,6.05,5.9,57878,103059830.0,2.53,1.35,0.08,1.67
2019-01-16,6.02,6.05,6.23,6.0,95239,173846514.0,3.82,0.5,0.03,2.75
2019-01-17,6.01,5.93,6.01,5.84,83660,147019806.0,2.81,-1.98,-0.12,2.41
2019-01-18,5.89,5.92,5.96,5.77,65852,115158068.0,3.2,-0.17,-0.01,1.9
2019-01-21,5.95,6.07,6.14,5.94,73090,131961875.0,3.38,2.53,0.15,2.11
2019-01-22,6.07,6.02,6.12,5.9,64650,115209379.0,3.62,-0.82,-0.05,1.86
2019-01-23,5.95,5.94,6.06,5.85,47930,85119894.0,3.49,-1.33,-0.08,1.38
2019-01-24,5.97,5.95,6.05,5.87,58952,104576947.0,3.03,0.17,0.01,1.7
2019-01-25,5.93,5.86,5.95,5.8,62035,108323518.0,2.52,-1.51,-0.09,1.79
2019-01-28,5.81,5.78,5.89,5.77,48867,84783548.0,2.05,-1.37,-0.08,1.41
2019-01-29,5.81,5.87,5.9,5.68,72239,124623874.0,3.81,1.56,0.09,2.08
2019-01-30,5.87,5.93,6.11,5.84,90243,161779643.0,4.6,1.02,0.06,2.6
2019-01-31,5.93,5.8,6.01,5.75,43390,76080190.0,4.38,-2.19,-0.13,1.25
2019-02-01,5.83,6.05,6.09,5.83,74730,133743699.0,4.48,4.31,0.25,2.16
2019-02-11,6.06,6.39,6.43,6.03,115077,215694770.0,6.61,5.62,0.34,3.32
2019-02-12,6.39,6.44,6.46,6.32,71236,135191206.0,2.19,0.78,0.05,2.05
2019-02-13,6.43,6.48,6.6,6.34,130055,251046699.0,4.04,0.62,0.04,3.75
2019-02-14,6.46,6.48,6.55,6.43,62746,121044876.0,1.85,0.0,0.0,1.81
2019-02-15,6.46,6.43,6.51,6.39,62609,120022970.0,1.85,-0.77,-0.05,1.81
2019-02-18,6.46,6.64,6.66,6.34,128499,248714976.0,4.98,3.27,0.21,3.71
2019-02-19,6.6,6.6,6.69,6.46,128969,251787100.0,3.46,-0.6,-0.04,3.72
2019-02-20,6.58,6.45,6.58,6.36,75793,145298726.0,3.33,-2.27,-0.15,2.19
2019-02-21,6.46,6.32,6.55,6.29,112991,216242367.0,4.03,-2.02,-0.13,3.26
2019-02-22,6.29,6.61,6.61,6.24,108119,208577065.0,5.85,4.59,0.29,3.12
2019-02-25,6.69,7.07,7.23,6.62,228433,472593120.0,9.23,6.96,0.46,6.59
2019-02-26,7.06,6.89,7.28,6.87,168233,350879344.0,5.8,-2.55,-0.18,4.85
2019-02-27,6.87,6.99,7.13,6.81,132554,273495696.0,4.64,1.45,0.1,3.82
2019-02-28,6.97,6.96,7.07,6.84,96878,199877020.0,3.29,-0.43,-0.03,2.79
2019-03-01,6.96,6.83,7.04,6.71,123763,249731610.0,4.74,-1.87,-0.13,3.57
2019-03-04,6.9,7.14,7.27,6.83,224759,470591632.0,6.44,4.54,0.31,6.48
2019-03-05,7.08,7.28,7.37,7.04,197369,421808848.0,4.62,1.96,0.14,5.69
2019-03-06,7.32,7.11,7.36,6.94,188975,397106208.0,5.77,-2.34,-0.17,5.45
2019-03-07,7.04,7.17,7.33,6.97,233817,496927504.0,5.06,0.84,0.06,6.74
2019-03-08,6.88,6.84,7.25,6.73,192628,399100000.0,7.25,-4.6,-0.33,5.56
2019-03-11,6.93,7.08,7.11,6.62,185952,380863328.0,7.16,3.51,0.24,5.36
2019-03-12,7.11,7.42,7.59,7.11,279543,612358544.0,6.78,4.8,0.34,8.06
2019-03-13,7.33,7.34,7.84,7.24,261353,586027552.0,8.09,-1.08,-0.08,7.54
2019-03-14,7.32,6.99,7.45,6.68,174272,362542384.0,10.49,-4.77,-0.35,5.03
2019-03-15,7.04,7.07,7.3,6.94,165057,348707744.0,5.15,1.14,0.08,4.76
2019-03-18,7.07,7.08,7.08,6.81,139630,288033248.0,3.82,0.14,0.01,4.03
2019-03-19,7.03,7.38,7.48,6.99,193529,417933776.0,6.92,4.24,0.3,5.58
2019-03-20,7.4,7.59,7.69,7.04,196158,428210208.0,8.81,2.85,0.21,5.66
2019-03-21,7.59,8.05,8.33,7.45,294130,690603552.0,11.59,6.06,0.46,8.48
2019-03-22,8.17,8.03,8.24,7.77,236420,559499200.0,5.84,-0.25,-0.02,6.82
2019-03-25,7.88,8.39,8.78,7.88,259297,649322000.0,11.21,4.48,0.36,7.48
2019-03-26,8.44,8.34,8.69,8.18,197607,494107952.0,6.08,-0.6,-0.05,5.7
2019-03-27,8.39,8.18,8.43,8.0,154766,375254528.0,5.16,-1.92,-0.16,4.46
2019-03-28,8.15,7.97,8.29,7.91,106054,254682797.0,4.65,-2.57,-0.21,3.06
2019-03-29,8.0,8.48,8.49,7.94,147092,360908064.0,6.9,6.4,0.51,4.24
2019-04-01,8.57,8.71,8.83,8.38,180085,459673184.0,5.31,2.71,0.23,5.19
2019-04-02,8.67,9.16,9.34,8.62,209318,562486784.0,8.27,5.17,0.45,6.04
2019-04-03,9.13,9.08,9.47,8.97,126195,342606768.0,5.46,-0.87,-0.08,3.64
2019-04-04,9.14,8.97,9.3,8.87,120058,320364496.0,4.74,-1.21,-0.11,3.46
2019-04-08,9.14,8.92,9.14,8.67,122434,319464560.0,5.24,-0.56,-0.05,3.53
2019-04-09,8.79,8.76,9.08,8.65,115330,302311744.0,4.82,-1.79,-0.16,3.33
2019-04-10,8.67,8.72,8.87,8.55,81603,210418227.0,3.65,-0.46,-0.04,2.35
2019-04-11,8.73,8.27,8.76,8.25,133782,333486080.0,5.85,-5.16,-0.45,3.86
2019-04-12,8.31,8.47,8.53,8.21,91415,226857048.0,3.87,2.42,0.2,2.64
2019-04-15,8.58,8.23,8.6,8.22,88556,220398014.0,4.49,-2.83,-0.24,2.55
2019-04-16,8.09,8.33,8.36,7.99,106734,257647877.0,4.5,1.22,0.1,3.08
2019-04-17,8.35,8.18,8.41,8.14,105106,256016804.0,3.24,-1.8,-0.15,3.03
2019-04-18,8.17,8.16,8.33,8.1,80922,196862868.0,2.81,-0.24,-0.02,2.33
2019-04-19,8.15,8.02,8.2,7.84,100568,237666063.0,4.41,-1.72,-0.14,2.9
2019-04-22,8.07,7.82,8.1,7.8,98603,231665923.0,3.74,-2.49,-0.2,2.84
2019-04-23,7.89,7.88,8.01,7.84,71523,167950532.0,2.17,0.77,0.06,2.06
2019-04-24,7.98,8.19,8.25,7.77,114428,271414896.0,6.09,3.93,0.31,3.3
2019-04-25,8.11,7.78,8.15,7.78,76386,179863856.0,4.52,-5.01,-0.41,2.2
2019-04-26,7.83,8.03,8.16,7.83,93937,223382008.0,4.24,3.21,0.25,2.71
2019-04-29,8.07,8.06,8.33,8.03,114206,275995024.0,3.74,0.37,0.03,3.29
2019-04-30,8.03,7.95,8.16,7.87,66497,157558729.0,3.6,-1.36,-0.11,1.92
2019-05-06,7.42,7.14,7.62,7.14,75911,163998701.0,6.04,-10.19,-0.81,2.19
2019-05-07,7.14,7.04,7.2,6.91,72911,152502718.0,4.06,-1.4,-0.1,2.1
2019-05-08,6.87,7.08,7.24,6.84,53958,113698806.0,5.68,0.57,0.04,1.56
2019-05-09,7.08,7.14,7.28,7.01,55802,118655633.0,3.81,0.85,0.06,1.59
2019-05-10,7.2,7.61,7.72,7.18,105822,233094707.0,7.56,6.58,0.47,3.01
2019-05-13,7.48,7.63,7.78,7.45,58089,131621673.0,4.34,0.26,0.02,1.65
2019-05-14,7.52,7.43,7.67,7.42,59220,131894463.0,3.28,-2.62,-0.2,1.69
2019-05-15,7.5,7.49,7.62,7.42,57732,128510427.0,2.69,0.81,0.06,1.64
2019-05-16,7.49,7.35,7.5,7.28,67456,147139099.0,2.94,-1.87,-0.14,1.92
2019-05-17,7.34,7.01,7.47,7.01,72049,154438457.0,6.26,-4.63,-0.34,2.05
2019-05-20,6.93,7.09,7.18,6.9,62874,131356186.0,3.99,1.14,0.08,1.79
2019-05-21,7.18,7.16,7.22,6.92,66071,138941045.0,4.23,0.99,0.07,1.88
2019-05-22,7.14,7.22,7.35,7.06,58557,125251224.0,4.05,0.84,0.06,1.67
2019-05-23,7.22,6.8,7.25,6.77,65442,136026779.0,6.65,-5.82,-0.42,1.86
2019-05-24,6.75,6.96,7.02,6.75,68480,140863360.0,3.97,2.35,0.16,1.95
2019-05-27,6.95,7.18,7.23,6.89,62791,132905263.0,4.89,3.16,0.22,1.79
2019-05-28,7.18,7.13,7.31,7.11,56955,121803032.0,2.79,-0.7,-0.05,1.62
2019-05-29,7.08,7.05,7.18,7.02,44472,93532387.0,2.24,-1.12,-0.08,1.27
2019-05-30,7.0,6.85,7.02,6.71,60707,123184304.0,4.4,-2.84,-0.2,1.73
2019-05-31,6.86,6.77,6.91,6.68,53790,108481561.0,3.36,-1.17,-0.08,1.53
2019-06-03,6.77,6.66,6.85,6.63,45207,90182120.0,3.25,-1.62,-0.11,1.29
2019-06-04,6.67,6.54,6.76,6.43,53964,105864622.0,4.95,-1.8,-0.12,1.54
2019-06-05,6.67,6.6,6.69,6.55,52077,102560412.0,2.14,0.92,0.06,1.48
2019-06-06,6.63,6.71,6.83,6.46,62238,124121629.0,5.61,1.67,0.11,1.77
2019-06-10,6.74,6.75,6.82,6.59,43628,87210256.0,3.43,0.6,0.04,1.24
2019-06-11,6.73,7.14,7.16,6.68,94417,196654299.0,7.11,5.78,0.39,2.69
2019-06-12,7.13,7.19,7.25,7.08,53229,113293408.0,2.38,0.7,0.05,1.51
2019-06-13,7.03,7.21,7.37,7.0,83944,180026766.0,5.15,0.28,0.02,2.39
2019-06-14,7.21,7.21,7.33,7.1,50122,106926756.0,3.19,0.0,0.0,1.43
2019-06-17,7.28,7.14,7.28,7.0,42406,89725532.0,3.88,-0.97,-0.07,1.21
2019-06-18,7.14,7.17,7.27,7.08,28844,61371534.0,2.66,0.42,0.03,0.82
2019-06-19,7.34,7.3,7.51,7.28,70096,154056194.0,3.21,1.81,0.13,1.99
2019-06-20,7.28,7.57,7.58,7.25,65028,143990294.0,4.52,3.7,0.27,1.85
2019-06-21,7.64,7.76,7.82,7.64,77922,178570378.0,2.38,2.51,0.19,2.22
2019-06-24,7.69,7.72,7.89,7.59,45591,104722965.0,3.87,-0.52,-0.04,1.3
2019-06-25,7.75,7.78,7.81,7.45,81634,122743429.0,4.66,0.78,0.06,1.55
2019-06-26,7.68,7.65,7.75,7.61,64619,97682120.0,1.8,-1.67,-0.13,1.23
2019-06-27,7.75,7.82,7.91,7.61,85790,131161947.0,3.92,2.22,0.17,1.63
2019-06-28,7.81,7.58,7.81,7.54,65981,99124992.0,3.45,-3.07,-0.24,1.25
2019-07-01,7.79,7.7,8.06,7.63,144738,222804412.0,5.67,1.58,0.12,2.75
2019-07-02,7.71,7.98,8.0,7.65,138122,213348304.0,4.55,3.64,0.28,2.62
2019-07-03,7.91,7.92,8.25,7.84,130540,206114839.0,5.14,-0.75,-0.06,2.48
2019-07-04,8.06,7.84,8.06,7.68,81085,124613064.0,4.8,-1.01,-0.08,1.54
2019-07-05,7.78,7.81,7.88,7.72,50079,77243091.0,2.04,-0.38,-0.03,0.95
2019-07-08,7.83,7.51,7.84,7.42,88497,131948480.0,5.38,-3.84,-0.3,1.68
2019-07-09,7.61,7.52,7.78,7.44,119431,178907051.0,4.53,0.13,0.01,2.26
2019-07-10,7.62,7.55,7.66,7.46,81216,121515299.0,2.66,0.4,0.03,1.54
2019-07-11,7.63,7.42,7.64,7.29,97021,143264889.0,4.64,-1.72,-0.13,1.84
2019-07-12,7.49,7.46,7.68,7.38,125795,186828956.0,4.04,0.54,0.04,2.38
2019-07-15,7.51,7.9,8.01,7.3,221723,339154256.0,9.52,5.9,0.44,4.2
2019-07-16,7.94,7.96,8.12,7.88,143488,225441199.0,3.04,0.76,0.06,2.72
2019-07-17,7.89,7.85,8.04,7.79,125464,195056569.0,3.14,-1.38,-0.11,2.38
2019-07-18,7.79,7.59,7.8,7.59,85937,130126405.0,2.68,-3.31,-0.26,1.63
2019-07-19,7.65,7.49,7.66,7.46,106376,158578482.0,2.64,-1.32,-0.1,2.02
2019-07-22,7.54,7.08,7.54,7.06,155077,219987748.0,6.41,-5.47,-0.41,2.94
2019-07-23,7.05,7.15,7.18,7.02,115846,162349123.0,2.26,0.99,0.07,2.19
2019-07-24,7.15,7.34,7.43,7.15,89320,129203016.0,3.92,2.66,0.19,1.69
2019-07-25,7.39,7.33,7.43,7.27,61948,89669851.0,2.18,-0.14,-0.01,1.17
2019-07-26,7.35,7.2,7.35,7.12,107820,153045223.0,3.14,-1.77,-0.13,2.04
2019-07-29,7.19,7.14,7.23,7.03,97200,136405575.0,2.78,-0.83,-0.06,1.78
2019-07-30,7.15,7.42,7.51,7.13,144416,209987413.0,5.32,3.92,0.28,2.65
2019-07-31,7.45,7.33,7.45,7.31,67052,97391698.0,1.89,-1.21,-0.09,1.23
2019-08-01,7.3,7.53,7.63,7.25,139236,206210509.0,5.18,2.73,0.2,2.55
2019-08-02,7.26,7.65,7.69,7.26,150064,223492322.0,5.71,1.59,0.12,2.75
2019-08-05,7.62,7.74,7.88,7.54,197709,302499024.0,4.44,1.18,0.09,3.62
2019-08-06,7.59,7.8,7.81,7.35,142360,213235225.0,5.94,0.78,0.06,2.61
2019-08-07,7.82,7.62,7.9,7.61,127339,195067065.0,3.72,-2.31,-0.18,2.33
2019-08-08,7.63,7.62,7.8,7.55,95952,144789458.0,3.28,0.0,0.0,1.76
2019-08-09,7.67,7.39,7.7,7.33,113158,166947607.0,4.86,-3.02,-0.23,2.07
2019-08-12,7.44,7.59,7.6,7.35,91556,134931589.0,3.38,2.71,0.2,1.68
2019-08-13,7.5,7.26,7.5,7.15,163363,234563699.0,4.61,-4.35,-0.33,2.99
2019-08-14,7.37,7.29,7.4,7.24,96325,138970216.0,2.2,0.41,0.03,1.77
2019-08-15,7.06,7.5,7.53,7.05,125550,181522058.0,6.58,2.88,0.21,2.3
2019-08-16,7.45,7.62,7.67,7.42,141548,211262784.0,3.33,1.6,0.12,2.59
2019-08-19,7.68,7.87,8.03,7.66,232262,361716576.0,4.86,3.28,0.25,4.26
2019-08-20,7.91,7.9,8.06,7.85,170874,267723837.0,2.67,0.38,0.03,3.13
2019-08-21,7.96,7.95,8.05,7.82,140645,220026660.0,2.91,0.63,0.05,2.58
2019-08-22,8.03,8.05,8.13,7.93,158637,251327527.0,2.52,1.26,0.1,2.91
2019-08-23,8.06,7.86,8.08,7.75,180821,280834816.0,4.1,-2.36,-0.19,3.31
2019-08-26,7.69,7.92,8.02,7.69,147647,230128604.0,4.2,0.76,0.06,2.71
2019-08-27,8.01,8.42,8.5,7.99,270748,443336368.0,6.44,6.31,0.5,4.96
2019-08-28,8.48,8.39,8.54,8.3,163802,271336640.0,2.85,-0.36,-0.03,3.0
2019-08-29,8.46,8.42,8.5,8.26,141898,234127654.0,2.86,0.36,0.03,2.6
2019-08-30,8.5,8.1,8.52,7.91,202658,327817856.0,7.24,-3.8,-0.32,3.71
2019-09-02,8.18,8.74,8.79,8.12,282693,475278656.0,8.27,7.9,0.64,5.18
2019-09-03,8.67,8.64,8.8,8.55,182994,311406432.0,2.86,-1.14,-0.1,3.35
2019-09-04,8.63,8.63,8.73,8.44,167317,282470352.0,3.36,-0.12,-0.01,3.07
2019-09-05,8.8,8.67,8.91,8.56,268180,460699280.0,4.06,0.46,0.04,4.91
2019-09-06,8.69,8.67,8.79,8.53,146158,249203842.0,3.0,0.0,0.0,2.68
2019-09-09,8.76,8.98,9.04,8.64,189356,330672032.0,4.61,3.58,0.31,3.47
2019-09-10,8.94,8.81,9.04,8.79,144252,252187342.0,2.78,-1.89,-0.17,2.64
2019-09-11,8.9,8.65,8.94,8.58,160140,275084448.0,4.09,-1.82,-0.16,2.93
2019-09-12,8.68,8.71,8.83,8.53,140975,240795663.0,3.47,0.69,0.06,2.58
2019-09-16,8.58,8.59,8.73,8.51,122357,207310193.0,2.53,-1.38,-0.12,2.24
2019-09-17,8.62,8.39,8.65,8.21,145105,240843719.0,5.12,-2.33,-0.2,2.66
2019-09-18,8.42,8.27,8.44,8.2,101772,166545638.0,2.86,-1.43,-0.12,1.86
2019-09-19,8.37,8.44,8.45,8.25,88119,145096848.0,2.42,2.06,0.17,1.61
2019-09-20,8.47,8.51,8.59,8.39,131641,220719345.0,2.37,0.83,0.07,2.41
2019-09-23,8.4,8.16,8.51,7.95,230559,368762960.0,6.58,-4.11,-0.35,4.22
2019-09-24,8.19,8.66,8.82,8.19,323611,549351616.0,7.72,6.13,0.5,5.93
2019-09-25,8.65,8.61,8.87,8.48,198784,338326944.0,4.5,-0.58,-0.05,3.64
2019-09-26,8.61,8.15,8.82,8.15,220330,368912976.0,7.78,-5.34,-0.46,4.04
2019-09-27,8.17,8.84,8.97,8.13,345946,591052752.0,10.31,8.47,0.69,6.34
2019-09-30,8.82,8.85,8.96,8.61,241924,419384640.0,3.96,0.11,0.01,4.43
2019-10-08,8.89,8.55,9.05,8.5,237399,408531264.0,6.21,-3.39,-0.3,4.35
2019-10-09,8.53,8.48,8.61,8.28,165142,274279808.0,3.86,-0.82,-0.07,3.02
2019-10-10,8.53,8.67,8.7,8.37,183426,309132688.0,3.89,2.24,0.19,3.36
2019-10-11,8.68,8.7,8.72,8.49,142984,243175568.0,2.65,0.35,0.03,2.62
2019-10-14,8.83,9.06,9.06,8.67,235883,412146864.0,4.48,4.14,0.36,4.32
2019-10-15,8.89,8.68,8.99,8.58,256130,440783488.0,4.53,-4.19,-0.38,4.69
2019-10-16,8.7,9.0,9.08,8.6,245874,430746352.0,5.53,3.69,0.32,4.5
2019-10-17,8.99,9.29,9.37,8.94,268851,487918768.0,4.78,3.22,0.29,4.92
2019-10-18,9.17,9.26,9.36,9.08,146083,264660863.0,3.01,-0.32,-0.03,2.68
2019-10-21,9.31,9.1,9.31,8.89,152870,271703568.0,4.54,-1.73,-0.16,2.8
2019-10-22,8.97,9.23,9.24,8.93,148874,266993889.0,3.41,1.43,0.13,2.73
2019-10-23,9.2,9.04,9.22,8.94,129620,232278406.0,3.03,-2.06,-0.19,2.37
2019-10-24,9.04,8.86,9.05,8.73,132866,232221361.0,3.54,-1.99,-0.18,2.43
2019-10-25,8.89,9.39,9.43,8.82,242698,439218432.0,6.88,5.98,0.53,4.45
2019-10-28,9.63,9.45,9.63,9.25,230429,428269552.0,4.05,0.64,0.06,4.22
2019-10-29,9.47,9.35,9.79,9.34,220509,413449264.0,4.76,-1.06,-0.1,4.04
2019-10-30,9.26,9.23,9.47,9.07,138588,253102241.0,4.28,-1.28,-0.12,2.54
2019-10-31,9.23,9.18,9.4,9.09,112470,203491988.0,3.36,-0.54,-0.05,2.06
2019-11-01,9.15,9.28,9.39,9.1,98402,179367637.0,3.16,1.09,0.1,1.8
2019-11-04,9.24,9.38,9.5,9.22,119011,219899515.0,3.02,1.08,0.1,2.18
2019-11-05,9.37,9.34,9.37,9.11,144284,262522595.0,2.77,-0.43,-0.04,2.64
2019-11-06,9.29,9.37,9.43,9.16,101662,185816895.0,2.89,0.32,0.03,1.86
2019-11-07,9.37,9.7,9.81,9.37,208516,396075936.0,4.7,3.52,0.33,3.82
2019-11-08,9.63,9.54,9.91,9.5,146420,277517152.0,4.23,-1.65,-0.16,2.68
2019-11-11,9.14,8.96,9.44,8.82,240079,432853936.0,6.5,-6.08,-0.58,4.4
2019-11-12,8.97,8.99,9.12,8.86,109816,194080814.0,2.9,0.33,0.03,2.01
2019-11-13,8.98,8.88,9.07,8.74,103353,180704301.0,3.67,-1.22,-0.11,1.89
2019-11-14,8.85,9.21,9.25,8.85,161855,291319648.0,4.5,3.72,0.33,2.96
2019-11-15,9.19,8.94,9.24,8.94,102708,183640667.0,3.26,-2.93,-0.27,1.88
2019-11-18,9.08,8.8,9.18,8.78,147216,258622850.0,4.47,-1.57,-0.14,2.7
2019-11-19,8.84,9.16,9.32,8.81,233347,419748896.0,5.8,4.09,0.36,4.27
2019-11-20,9.1,9.24,9.39,9.1,190173,347094400.0,3.17,0.87,0.08,3.48
2019-11-21,9.13,9.2,9.31,9.12,86346,156523241.0,2.06,-0.43,-0.04,1.58
2019-11-22,9.23,8.99,9.43,8.93,180695,325785552.0,5.43,-2.28,-0.21,3.31
2019-11-25,8.98,8.56,9.04,8.4,234179,396511472.0,7.12,-4.78,-0.43,4.29
2019-11-26,8.58,8.42,8.67,8.42,94687,158620811.0,2.92,-1.64,-0.14,1.73
2019-11-27,8.48,8.42,8.49,8.39,79332,131894861.0,1.19,0.0,0.0,1.45
2019-11-28,8.42,8.38,8.45,8.22,87675,144014495.0,2.73,-0.48,-0.04,1.61
2019-11-29,8.38,8.4,8.44,8.24,67714,111394758.0,2.39,0.24,0.02,1.24
2019-12-02,8.4,8.5,8.67,8.38,89045,149851260.0,3.45,1.19,0.1,1.63
2019-12-03,8.47,8.61,8.7,8.28,105935,177542551.0,4.94,1.29,0.11,1.94
2019-12-04,8.62,8.89,8.96,8.53,136782,237047678.0,4.99,3.25,0.28,2.51
2019-12-05,8.93,9.28,9.32,8.89,243361,440640992.0,4.84,4.39,0.39,4.46
2019-12-06,9.34,9.25,9.38,9.11,143116,259135595.0,2.91,-0.32,-0.03,2.62
2019-12-09,9.25,9.15,9.34,9.06,137817,247925387.0,3.03,-1.08,-0.1,2.52
2019-12-10,9.18,9.18,9.3,9.1,121164,218678118.0,2.19,0.33,0.03,2.22
2019-12-11,9.17,9.18,9.27,9.09,76983,139113303.0,1.96,0.0,0.0,1.41
2019-12-12,9.18,9.27,9.35,9.03,144539,260994279.0,3.49,0.98,0.09,2.65
2019-12-13,9.35,9.34,9.58,9.26,155909,287420912.0,3.45,0.76,0.07,2.86
2019-12-16,9.35,9.6,9.67,9.34,154442,288925760.0,3.53,2.78,0.26,2.83
2019-12-17,9.62,9.89,9.98,9.45,222485,424951280.0,5.52,3.02,0.29,4.07
2019-12-18,9.85,9.78,9.91,9.7,112649,216896497.0,2.12,-1.11,-0.11,2.06
2019-12-19,9.69,9.69,9.78,9.57,87680,166678176.0,2.15,-0.92,-0.09,1.61
2019-12-20,9.67,9.56,9.72,9.46,109290,205865351.0,2.68,-1.34,-0.13,2.0
2019-12-23,9.37,9.14,9.41,9.14,101788,185442637.0,2.82,-4.39,-0.42,1.86
2019-12-24,9.21,9.18,9.23,9.06,82581,148324353.0,1.86,0.44,0.04,1.51
2019-12-25,9.17,9.28,9.32,9.08,110206,199403996.0,2.61,1.09,0.1,2.02
2019-12-26,9.27,9.22,9.27,9.12,59162,107122547.0,1.62,-0.65,-0.06,1.08
2019-12-27,9.22,8.85,9.37,8.79,194018,344931952.0,6.29,-4.01,-0.37,3.55
2019-12-30,8.78,8.92,9.04,8.65,109687,191559820.0,4.41,0.79,0.07,2.01
2019-12-31,8.92,9.11,9.12,8.89,96022,170640214.0,2.58,2.13,0.19,1.76
